--
-- Script was generated by Devart dbForge Studio 2022 for SQL Server, Version 6.3.9.0
-- Product Home Page: http://www.devart.com/dbforge/sql/studio
-- Script date 12/7/2022 2:16:15 PM
-- Target server version: 14.00.2042
-- Target connection string: Data Source=.;Integrated Security=True;User ID=AzureAD\adam192122
--



SET LANGUAGE 'English'
SET DATEFORMAT ymd
SET ARITHABORT, ANSI_PADDING, ANSI_WARNINGS, CONCAT_NULL_YIELDS_NULL, QUOTED_IDENTIFIER, ANSI_NULLS, NOCOUNT ON
SET NUMERIC_ROUNDABORT, IMPLICIT_TRANSACTIONS, XACT_ABORT OFF
GO

--
-- Backing up database airlineDW
--
--
-- Create backup folder
--
IF OBJECT_ID('xp_create_subdir') IS NOT NULL
  EXEC xp_create_subdir N'C:\Program Files\Microsoft SQL Server\MSSQL14.MSSQLSERVER\MSSQL\Backup'
--
-- Backup database to the file with the name: <database_name>_<yyyy>_<mm>_<dd>_<hh>_<mi>.bak
--
DECLARE @db_name SYSNAME
SET @db_name = N'airlineDW'

DECLARE @filepath NVARCHAR(4000)
SET @filepath =
/*define base part*/ N'C:\Program Files\Microsoft SQL Server\MSSQL14.MSSQLSERVER\MSSQL\Backup\' + @db_name + '_' +
/*append date*/ REPLACE(CONVERT(NVARCHAR(10), GETDATE(), 102), '.', '_') + '_' +
/*append time*/ REPLACE(CONVERT(NVARCHAR(5), GETDATE(), 108), ':', '_') + '.bak'

DECLARE @SQL NVARCHAR(MAX)
SET @SQL = 
    N'BACKUP DATABASE ' + QUOTENAME(@db_name) + ' TO DISK = @filepath WITH INIT' + 
      CASE WHEN EXISTS(
                SELECT value
                FROM sys.configurations WITH (NOLOCK)
                WHERE name = 'backup compression default'
          )
        THEN ', COMPRESSION'
        ELSE ''
      END

EXEC sys.sp_executesql @SQL, N'@filepath NVARCHAR(4000)', @filepath = @filepath
GO

USE airlineDW
GO

IF DB_NAME() <> N'airlineDW' SET NOEXEC ON
GO
--
-- Delete data from the table 'dbo.Reservation'
--
TRUNCATE TABLE dbo.Reservation
GO
--
-- Delete data from the table 'dbo.Marketing_Department'
--
TRUNCATE TABLE dbo.Marketing_Department
GO
--
-- Delete data from the table 'dbo.Customer_care'
--
TRUNCATE TABLE dbo.Customer_care
GO
--
-- Delete data from the table 'dbo.Travelers'
--
DELETE dbo.Travelers
GO
--
-- Delete data from the table 'dbo.Tickets'
--
DELETE dbo.Tickets
GO
--
-- Delete data from the table 'dbo.Reservation_Channels'
--
DELETE dbo.Reservation_Channels
GO
--
-- Delete data from the table 'dbo.promotions'
--
DELETE dbo.promotions
GO
--
-- Delete data from the table 'dbo.problems'
--
DELETE dbo.problems
GO
--
-- Delete data from the table 'dbo.Flights'
--
DELETE dbo.Flights
GO
--
-- Delete data from the table 'dbo.Date_Dim'
--
DELETE dbo.Date_Dim
GO
--
-- Delete data from the table 'dbo.Aircraft'
--
DELETE dbo.Aircraft
GO

--
-- Inserting data into table dbo.Aircraft
--
INSERT dbo.Aircraft(Airplane_ID, Airplane_type, Airplane_capacity) VALUES (1, 'Airbus Antonov', 158)
INSERT dbo.Aircraft(Airplane_ID, Airplane_type, Airplane_capacity) VALUES (2, 'Antonov Beechcraft Beechcraft', 217)
INSERT dbo.Aircraft(Airplane_ID, Airplane_type, Airplane_capacity) VALUES (3, 'Antonov Aerospace', 44)
INSERT dbo.Aircraft(Airplane_ID, Airplane_type, Airplane_capacity) VALUES (4, 'Airbus Beechcraft Antonov', 15)
INSERT dbo.Aircraft(Airplane_ID, Airplane_type, Airplane_capacity) VALUES (5, 'Boeing Airbus', 169)
INSERT dbo.Aircraft(Airplane_ID, Airplane_type, Airplane_capacity) VALUES (6, 'Airbus Beechcraft', 98)
INSERT dbo.Aircraft(Airplane_ID, Airplane_type, Airplane_capacity) VALUES (7, 'Aerospace Boeing', 177)
INSERT dbo.Aircraft(Airplane_ID, Airplane_type, Airplane_capacity) VALUES (8, 'Airbus Aerospace Boeing', 63)
INSERT dbo.Aircraft(Airplane_ID, Airplane_type, Airplane_capacity) VALUES (9, NULL, 72)
INSERT dbo.Aircraft(Airplane_ID, Airplane_type, Airplane_capacity) VALUES (10, 'Airbus Beechcraft', 210)
INSERT dbo.Aircraft(Airplane_ID, Airplane_type, Airplane_capacity) VALUES (11, 'Beechcraft Boeing Aerospace', 4)
INSERT dbo.Aircraft(Airplane_ID, Airplane_type, Airplane_capacity) VALUES (12, 'Antonov Airbus Antonov Antonov', 204)
INSERT dbo.Aircraft(Airplane_ID, Airplane_type, Airplane_capacity) VALUES (13, 'Beechcraft Beechcraft', 0)
INSERT dbo.Aircraft(Airplane_ID, Airplane_type, Airplane_capacity) VALUES (14, 'Boeing Aerospace Aerospace', 114)
INSERT dbo.Aircraft(Airplane_ID, Airplane_type, Airplane_capacity) VALUES (15, 'Boeing Aerospace', 103)
INSERT dbo.Aircraft(Airplane_ID, Airplane_type, Airplane_capacity) VALUES (16, 'Beechcraft', 94)
INSERT dbo.Aircraft(Airplane_ID, Airplane_type, Airplane_capacity) VALUES (17, 'Beechcraft Antonov Aerospace', 54)
INSERT dbo.Aircraft(Airplane_ID, Airplane_type, Airplane_capacity) VALUES (18, 'Boeing Boeing Airbus', 169)
INSERT dbo.Aircraft(Airplane_ID, Airplane_type, Airplane_capacity) VALUES (19, 'Beechcraft', 8)
INSERT dbo.Aircraft(Airplane_ID, Airplane_type, Airplane_capacity) VALUES (20, 'Boeing Antonov Antonov', 127)
INSERT dbo.Aircraft(Airplane_ID, Airplane_type, Airplane_capacity) VALUES (21, 'Aerospace Antonov Antonov', 158)
INSERT dbo.Aircraft(Airplane_ID, Airplane_type, Airplane_capacity) VALUES (22, 'Antonov Boeing Aerospace', 67)
INSERT dbo.Aircraft(Airplane_ID, Airplane_type, Airplane_capacity) VALUES (23, 'Antonov Antonov Airbus Antonov', 92)
INSERT dbo.Aircraft(Airplane_ID, Airplane_type, Airplane_capacity) VALUES (24, 'Antonov Antonov', 34)
INSERT dbo.Aircraft(Airplane_ID, Airplane_type, Airplane_capacity) VALUES (25, 'Beechcraft Boeing', 125)
INSERT dbo.Aircraft(Airplane_ID, Airplane_type, Airplane_capacity) VALUES (26, 'Boeing Beechcraft Airbus', 158)
INSERT dbo.Aircraft(Airplane_ID, Airplane_type, Airplane_capacity) VALUES (27, NULL, 75)
INSERT dbo.Aircraft(Airplane_ID, Airplane_type, Airplane_capacity) VALUES (28, 'Antonov Aerospace Antonov', 38)
INSERT dbo.Aircraft(Airplane_ID, Airplane_type, Airplane_capacity) VALUES (29, 'Boeing Aerospace', 35)
INSERT dbo.Aircraft(Airplane_ID, Airplane_type, Airplane_capacity) VALUES (30, 'Aerospace Airbus', 230)
INSERT dbo.Aircraft(Airplane_ID, Airplane_type, Airplane_capacity) VALUES (31, 'Aerospace Boeing Antonov', 229)
INSERT dbo.Aircraft(Airplane_ID, Airplane_type, Airplane_capacity) VALUES (32, NULL, 48)
INSERT dbo.Aircraft(Airplane_ID, Airplane_type, Airplane_capacity) VALUES (33, 'Airbus Aerospace Airbus', 129)
INSERT dbo.Aircraft(Airplane_ID, Airplane_type, Airplane_capacity) VALUES (34, 'Boeing Antonov', 13)
INSERT dbo.Aircraft(Airplane_ID, Airplane_type, Airplane_capacity) VALUES (35, 'Beechcraft Aerospace', 74)
INSERT dbo.Aircraft(Airplane_ID, Airplane_type, Airplane_capacity) VALUES (36, 'Boeing Aerospace Beechcraft', 190)
INSERT dbo.Aircraft(Airplane_ID, Airplane_type, Airplane_capacity) VALUES (37, 'Aerospace Boeing Aerospace', 0)
INSERT dbo.Aircraft(Airplane_ID, Airplane_type, Airplane_capacity) VALUES (38, 'Boeing Beechcraft Beechcraft', 138)
INSERT dbo.Aircraft(Airplane_ID, Airplane_type, Airplane_capacity) VALUES (39, 'Boeing Boeing', 249)
INSERT dbo.Aircraft(Airplane_ID, Airplane_type, Airplane_capacity) VALUES (40, 'Antonov Antonov Beechcraft', 11)
INSERT dbo.Aircraft(Airplane_ID, Airplane_type, Airplane_capacity) VALUES (41, 'Boeing Antonov Aerospace', 162)
INSERT dbo.Aircraft(Airplane_ID, Airplane_type, Airplane_capacity) VALUES (42, NULL, 175)
INSERT dbo.Aircraft(Airplane_ID, Airplane_type, Airplane_capacity) VALUES (43, 'Boeing Airbus Beechcraft', 37)
INSERT dbo.Aircraft(Airplane_ID, Airplane_type, Airplane_capacity) VALUES (44, 'Beechcraft Airbus Antonov', 1)
INSERT dbo.Aircraft(Airplane_ID, Airplane_type, Airplane_capacity) VALUES (45, 'Beechcraft Beechcraft', 34)
INSERT dbo.Aircraft(Airplane_ID, Airplane_type, Airplane_capacity) VALUES (46, 'Aerospace Airbus Airbus', 194)
INSERT dbo.Aircraft(Airplane_ID, Airplane_type, Airplane_capacity) VALUES (47, 'Boeing Aerospace Airbus', 29)
INSERT dbo.Aircraft(Airplane_ID, Airplane_type, Airplane_capacity) VALUES (48, 'Boeing Airbus Boeing Airbus', 62)
INSERT dbo.Aircraft(Airplane_ID, Airplane_type, Airplane_capacity) VALUES (49, 'Boeing Aerospace Antonov', 139)
INSERT dbo.Aircraft(Airplane_ID, Airplane_type, Airplane_capacity) VALUES (50, NULL, 142)
GO

--
-- Inserting data into table dbo.Date_Dim
--
INSERT dbo.Date_Dim(Date_key) VALUES (20120101)
INSERT dbo.Date_Dim(Date_key) VALUES (20120102)
INSERT dbo.Date_Dim(Date_key) VALUES (20120103)
INSERT dbo.Date_Dim(Date_key) VALUES (20120104)
INSERT dbo.Date_Dim(Date_key) VALUES (20120105)
INSERT dbo.Date_Dim(Date_key) VALUES (20120106)
INSERT dbo.Date_Dim(Date_key) VALUES (20120107)
INSERT dbo.Date_Dim(Date_key) VALUES (20120108)
INSERT dbo.Date_Dim(Date_key) VALUES (20120109)
INSERT dbo.Date_Dim(Date_key) VALUES (20120110)
INSERT dbo.Date_Dim(Date_key) VALUES (20120111)
INSERT dbo.Date_Dim(Date_key) VALUES (20120112)
INSERT dbo.Date_Dim(Date_key) VALUES (20120113)
INSERT dbo.Date_Dim(Date_key) VALUES (20120114)
INSERT dbo.Date_Dim(Date_key) VALUES (20120115)
INSERT dbo.Date_Dim(Date_key) VALUES (20120116)
INSERT dbo.Date_Dim(Date_key) VALUES (20120117)
INSERT dbo.Date_Dim(Date_key) VALUES (20120118)
INSERT dbo.Date_Dim(Date_key) VALUES (20120119)
INSERT dbo.Date_Dim(Date_key) VALUES (20120120)
INSERT dbo.Date_Dim(Date_key) VALUES (20120121)
INSERT dbo.Date_Dim(Date_key) VALUES (20120122)
INSERT dbo.Date_Dim(Date_key) VALUES (20120123)
INSERT dbo.Date_Dim(Date_key) VALUES (20120124)
INSERT dbo.Date_Dim(Date_key) VALUES (20120125)
INSERT dbo.Date_Dim(Date_key) VALUES (20120126)
INSERT dbo.Date_Dim(Date_key) VALUES (20120127)
INSERT dbo.Date_Dim(Date_key) VALUES (20120128)
INSERT dbo.Date_Dim(Date_key) VALUES (20120129)
INSERT dbo.Date_Dim(Date_key) VALUES (20120130)
INSERT dbo.Date_Dim(Date_key) VALUES (20120131)
INSERT dbo.Date_Dim(Date_key) VALUES (20120132)
INSERT dbo.Date_Dim(Date_key) VALUES (20120133)
INSERT dbo.Date_Dim(Date_key) VALUES (20120134)
INSERT dbo.Date_Dim(Date_key) VALUES (20120135)
INSERT dbo.Date_Dim(Date_key) VALUES (20120136)
INSERT dbo.Date_Dim(Date_key) VALUES (20120137)
INSERT dbo.Date_Dim(Date_key) VALUES (20120138)
INSERT dbo.Date_Dim(Date_key) VALUES (20120139)
INSERT dbo.Date_Dim(Date_key) VALUES (20120140)
INSERT dbo.Date_Dim(Date_key) VALUES (20120141)
INSERT dbo.Date_Dim(Date_key) VALUES (20120142)
INSERT dbo.Date_Dim(Date_key) VALUES (20120143)
INSERT dbo.Date_Dim(Date_key) VALUES (20120144)
INSERT dbo.Date_Dim(Date_key) VALUES (20120145)
INSERT dbo.Date_Dim(Date_key) VALUES (20120146)
INSERT dbo.Date_Dim(Date_key) VALUES (20120147)
INSERT dbo.Date_Dim(Date_key) VALUES (20120148)
INSERT dbo.Date_Dim(Date_key) VALUES (20120149)
INSERT dbo.Date_Dim(Date_key) VALUES (20120150)
GO

--
-- Inserting data into table dbo.Flights
--
INSERT dbo.Flights(Flight_number, Flight_Duration, Departing_airport, Arriving_airport, Departing_time, Arriving_time, Departing_date, Arriving_date, Flight_distance) VALUES (11924, 1, 'KAI', 'FTA', '02:18:31.2740000', '22:06:37.4000000', '2009-09-23', '2009-09-28', 864)
INSERT dbo.Flights(Flight_number, Flight_Duration, Departing_airport, Arriving_airport, Departing_time, Arriving_time, Departing_date, Arriving_date, Flight_distance) VALUES (518759, 0, 'UMR', 'FLV', '09:34:11.9830000', '01:11:38.7880000', '2007-05-15', '2007-05-17', 519)
INSERT dbo.Flights(Flight_number, Flight_Duration, Departing_airport, Arriving_airport, Departing_time, Arriving_time, Departing_date, Arriving_date, Flight_distance) VALUES (378349, 14, 'IPI', 'IAB', '20:02:05.2820000', '04:00:47.0020000', '2012-07-09', '2012-07-12', 534)
INSERT dbo.Flights(Flight_number, Flight_Duration, Departing_airport, Arriving_airport, Departing_time, Arriving_time, Departing_date, Arriving_date, Flight_distance) VALUES (578758, 19, 'AFA', 'TER', '21:40:49.8280000', '03:36:29.4050000', '2016-12-23', '2016-12-26', 1254)
INSERT dbo.Flights(Flight_number, Flight_Duration, Departing_airport, Arriving_airport, Departing_time, Arriving_time, Departing_date, Arriving_date, Flight_distance) VALUES (142947, 18, 'KID', 'IWS', '15:41:05.1500000', '22:16:29.7390000', '2003-02-21', '2003-02-26', 509)
INSERT dbo.Flights(Flight_number, Flight_Duration, Departing_airport, Arriving_airport, Departing_time, Arriving_time, Departing_date, Arriving_date, Flight_distance) VALUES (71925, 19, 'EVE', 'PHY', '22:39:29.7470000', '00:08:38.9160000', '2004-06-16', '2004-06-19', 789)
INSERT dbo.Flights(Flight_number, Flight_Duration, Departing_airport, Arriving_airport, Departing_time, Arriving_time, Departing_date, Arriving_date, Flight_distance) VALUES (245375, 16, 'MAA', 'SNA', '12:30:06.6400000', '17:14:24.0450000', '2004-03-20', '2004-03-27', 1233)
INSERT dbo.Flights(Flight_number, Flight_Duration, Departing_airport, Arriving_airport, Departing_time, Arriving_time, Departing_date, Arriving_date, Flight_distance) VALUES (438350, 24, 'BPX', 'CIT', '17:02:17.5550000', '08:53:47.9280000', '2000-07-16', '2000-07-18', 197)
INSERT dbo.Flights(Flight_number, Flight_Duration, Departing_airport, Arriving_airport, Departing_time, Arriving_time, Departing_date, Arriving_date, Flight_distance) VALUES (305376, 22, 'KTP', 'LMO', '01:40:49.7040000', '10:58:31', '2010-10-13', '2010-10-16', 399)
INSERT dbo.Flights(Flight_number, Flight_Duration, Departing_airport, Arriving_airport, Departing_time, Arriving_time, Departing_date, Arriving_date, Flight_distance) VALUES (11925, 11, 'KZS', 'YSC', '16:41:12.0150000', '02:11:27.0330000', '2003-04-06', '2003-04-10', 1456)
INSERT dbo.Flights(Flight_number, Flight_Duration, Departing_airport, Arriving_airport, Departing_time, Arriving_time, Departing_date, Arriving_date, Flight_distance) VALUES (378350, 5, 'KOA', 'PEI', '03:30:36.6240000', '15:10:57.0040000', '2011-08-18', '2011-08-22', 653)
INSERT dbo.Flights(Flight_number, Flight_Duration, Departing_airport, Arriving_airport, Departing_time, Arriving_time, Departing_date, Arriving_date, Flight_distance) VALUES (245376, 11, 'OBU', 'GLO', '11:07:00.0080000', '21:46:27.0680000', '2005-04-07', '2005-04-09', 1458)
INSERT dbo.Flights(Flight_number, Flight_Duration, Departing_airport, Arriving_airport, Departing_time, Arriving_time, Departing_date, Arriving_date, Flight_distance) VALUES (518760, 10, 'QCY', 'SSE', '09:23:57.6950000', '23:43:42.2190000', '2013-10-26', '2013-10-31', 267)
INSERT dbo.Flights(Flight_number, Flight_Duration, Departing_airport, Arriving_airport, Departing_time, Arriving_time, Departing_date, Arriving_date, Flight_distance) VALUES (305377, 0, 'MRQ', 'RAM', '22:02:15.7540000', '01:49:52.4290000', '2013-11-02', '2013-11-06', 693)
INSERT dbo.Flights(Flight_number, Flight_Duration, Departing_airport, Arriving_airport, Departing_time, Arriving_time, Departing_date, Arriving_date, Flight_distance) VALUES (578759, 24, 'BKK', 'TBP', '22:23:09.3720000', '10:50:04.6300000', '2009-06-28', '2009-07-03', 881)
INSERT dbo.Flights(Flight_number, Flight_Duration, Departing_airport, Arriving_airport, Departing_time, Arriving_time, Departing_date, Arriving_date, Flight_distance) VALUES (438351, 21, 'AQP', 'KDH', '00:55:27.6520000', '02:45:25.2240000', '2001-06-09', '2001-06-15', 1221)
INSERT dbo.Flights(Flight_number, Flight_Duration, Departing_airport, Arriving_airport, Departing_time, Arriving_time, Departing_date, Arriving_date, Flight_distance) VALUES (245377, 4, 'GOZ', 'OLV', '23:56:02.7660000', '20:25:02.2590000', '2022-08-21', '2022-08-26', 1416)
INSERT dbo.Flights(Flight_number, Flight_Duration, Departing_airport, Arriving_airport, Departing_time, Arriving_time, Departing_date, Arriving_date, Flight_distance) VALUES (518761, 7, 'SYD', 'AEH', '02:45:18.2350000', '21:13:14.8330000', '2001-12-16', '2001-12-18', 863)
INSERT dbo.Flights(Flight_number, Flight_Duration, Departing_airport, Arriving_airport, Departing_time, Arriving_time, Departing_date, Arriving_date, Flight_distance) VALUES (305378, 20, 'NDZ', 'YQK', '10:53:40.9020000', '22:45:08.2650000', '2002-06-05', '2002-06-08', 104)
INSERT dbo.Flights(Flight_number, Flight_Duration, Departing_airport, Arriving_airport, Departing_time, Arriving_time, Departing_date, Arriving_date, Flight_distance) VALUES (378351, 21, 'HHA', 'SRQ', '00:26:42.0200000', '20:08:02.0890000', '2011-07-19', '2011-07-22', 44)
INSERT dbo.Flights(Flight_number, Flight_Duration, Departing_airport, Arriving_airport, Departing_time, Arriving_time, Departing_date, Arriving_date, Flight_distance) VALUES (578760, 20, 'QYR', 'FTA', '08:38:15.9710000', '23:53:58.6680000', '2004-11-19', '2004-11-26', 343)
INSERT dbo.Flights(Flight_number, Flight_Duration, Departing_airport, Arriving_airport, Departing_time, Arriving_time, Departing_date, Arriving_date, Flight_distance) VALUES (71926, 19, 'BSF', 'WAA', '10:17:32.1580000', '19:08:46.5860000', '2000-01-10', '2000-01-12', 8)
INSERT dbo.Flights(Flight_number, Flight_Duration, Departing_airport, Arriving_airport, Departing_time, Arriving_time, Departing_date, Arriving_date, Flight_distance) VALUES (245378, 0, 'KME', 'KVD', '09:41:52.4990000', '12:28:55.6090000', '2020-04-04', '2020-04-07', 721)
INSERT dbo.Flights(Flight_number, Flight_Duration, Departing_airport, Arriving_airport, Departing_time, Arriving_time, Departing_date, Arriving_date, Flight_distance) VALUES (202948, 12, 'ANG', 'HME', '21:10:08.7750000', '20:24:12.5320000', '2010-11-19', '2010-11-22', 479)
INSERT dbo.Flights(Flight_number, Flight_Duration, Departing_airport, Arriving_airport, Departing_time, Arriving_time, Departing_date, Arriving_date, Flight_distance) VALUES (305379, 7, 'ZAL', 'AVK', '12:52:34.0090000', '06:36:14.0080000', '2005-10-23', '2005-10-28', 1162)
INSERT dbo.Flights(Flight_number, Flight_Duration, Departing_airport, Arriving_airport, Departing_time, Arriving_time, Departing_date, Arriving_date, Flight_distance) VALUES (438352, 5, 'KUH', 'BEU', '08:29:29.5490000', '12:29:24.0620000', '2019-12-23', '2019-12-29', 68)
INSERT dbo.Flights(Flight_number, Flight_Duration, Departing_airport, Arriving_airport, Departing_time, Arriving_time, Departing_date, Arriving_date, Flight_distance) VALUES (245379, 7, 'BJF', 'HUV', '14:28:23.2540000', '06:23:02.3390000', '2000-04-11', '2000-04-13', 1045)
INSERT dbo.Flights(Flight_number, Flight_Duration, Departing_airport, Arriving_airport, Departing_time, Arriving_time, Departing_date, Arriving_date, Flight_distance) VALUES (305380, 0, 'RDN', 'CCN', '21:36:43.4950000', '13:35:10.7500000', '2019-11-04', '2019-11-07', 482)
INSERT dbo.Flights(Flight_number, Flight_Duration, Departing_airport, Arriving_airport, Departing_time, Arriving_time, Departing_date, Arriving_date, Flight_distance) VALUES (378352, 11, 'IPL', 'DIS', '00:31:27.6340000', '04:17:28.3340000', '2015-07-03', '2015-07-08', 609)
INSERT dbo.Flights(Flight_number, Flight_Duration, Departing_airport, Arriving_airport, Departing_time, Arriving_time, Departing_date, Arriving_date, Flight_distance) VALUES (438353, 21, 'ADL', 'LYX', '21:33:16.6360000', '06:44:31.6210000', '2000-05-20', '2000-05-25', 1197)
INSERT dbo.Flights(Flight_number, Flight_Duration, Departing_airport, Arriving_airport, Departing_time, Arriving_time, Departing_date, Arriving_date, Flight_distance) VALUES (142948, 0, 'MHQ', 'DAU', '00:34:49.6100000', '15:15:33.3300000', '2006-04-15', '2006-04-21', 610)
INSERT dbo.Flights(Flight_number, Flight_Duration, Departing_airport, Arriving_airport, Departing_time, Arriving_time, Departing_date, Arriving_date, Flight_distance) VALUES (378353, 19, 'MUZ', 'ROS', '04:30:00.6790000', '04:24:25.1580000', '2001-01-18', '2001-01-25', 301)
INSERT dbo.Flights(Flight_number, Flight_Duration, Departing_airport, Arriving_airport, Departing_time, Arriving_time, Departing_date, Arriving_date, Flight_distance) VALUES (11926, 15, 'TLS', 'KTF', '20:14:06.1900000', '06:38:10.8440000', '2015-12-07', '2015-12-13', 406)
INSERT dbo.Flights(Flight_number, Flight_Duration, Departing_airport, Arriving_airport, Departing_time, Arriving_time, Departing_date, Arriving_date, Flight_distance) VALUES (202949, 7, 'VBG', 'LTQ', '07:00:03.0060000', '00:13:22.7880000', '2002-01-05', '2002-01-12', 94)
INSERT dbo.Flights(Flight_number, Flight_Duration, Departing_airport, Arriving_airport, Departing_time, Arriving_time, Departing_date, Arriving_date, Flight_distance) VALUES (245380, 0, 'VIN', 'IXC', '06:35:09.0200000', '00:03:05.2650000', '2008-09-19', '2008-09-22', 1176)
INSERT dbo.Flights(Flight_number, Flight_Duration, Departing_airport, Arriving_airport, Departing_time, Arriving_time, Departing_date, Arriving_date, Flight_distance) VALUES (142949, 9, 'TLE', 'GER', '01:49:54.1570000', '08:11:04.0080000', '2022-07-04', '2022-07-09', 1495)
INSERT dbo.Flights(Flight_number, Flight_Duration, Departing_airport, Arriving_airport, Departing_time, Arriving_time, Departing_date, Arriving_date, Flight_distance) VALUES (518762, 6, 'BDE', 'CEG', '13:21:16.0610000', '06:58:01.6550000', '2002-09-30', '2002-10-07', 36)
INSERT dbo.Flights(Flight_number, Flight_Duration, Departing_airport, Arriving_airport, Departing_time, Arriving_time, Departing_date, Arriving_date, Flight_distance) VALUES (438354, 16, 'PNL', 'YQG', '21:12:45.6870000', '16:46:20.0750000', '2017-12-02', '2017-12-05', 465)
INSERT dbo.Flights(Flight_number, Flight_Duration, Departing_airport, Arriving_airport, Departing_time, Arriving_time, Departing_date, Arriving_date, Flight_distance) VALUES (71927, 2, 'LKY', 'TCG', '18:26:57.7890000', '10:59:54.7020000', '2015-02-01', '2015-02-06', 463)
INSERT dbo.Flights(Flight_number, Flight_Duration, Departing_airport, Arriving_airport, Departing_time, Arriving_time, Departing_date, Arriving_date, Flight_distance) VALUES (305381, 5, 'LOO', 'BSF', '14:52:35.0210000', '01:33:17.0680000', '2000-01-04', '2000-01-09', 3)
INSERT dbo.Flights(Flight_number, Flight_Duration, Departing_airport, Arriving_airport, Departing_time, Arriving_time, Departing_date, Arriving_date, Flight_distance) VALUES (245381, 6, 'KSU', 'BLQ', '11:21:10.5040000', '06:00:12.8080000', '2012-06-04', '2012-06-07', 109)
INSERT dbo.Flights(Flight_number, Flight_Duration, Departing_airport, Arriving_airport, Departing_time, Arriving_time, Departing_date, Arriving_date, Flight_distance) VALUES (202950, 8, 'CTU', 'GTN', '01:44:33.0660000', '23:15:17.0950000', '2021-03-25', '2021-03-31', 425)
INSERT dbo.Flights(Flight_number, Flight_Duration, Departing_airport, Arriving_airport, Departing_time, Arriving_time, Departing_date, Arriving_date, Flight_distance) VALUES (11927, 22, 'HIR', 'IWS', '23:06:25.8260000', '07:57:35.0020000', '2005-04-07', '2005-04-13', 248)
INSERT dbo.Flights(Flight_number, Flight_Duration, Departing_airport, Arriving_airport, Departing_time, Arriving_time, Departing_date, Arriving_date, Flight_distance) VALUES (305382, 8, 'JUB', 'NGX', '21:07:59.5060000', '11:01:11.0590000', '2002-07-30', '2002-08-04', 941)
INSERT dbo.Flights(Flight_number, Flight_Duration, Departing_airport, Arriving_airport, Departing_time, Arriving_time, Departing_date, Arriving_date, Flight_distance) VALUES (245382, 8, 'WUN', 'EUN', '02:05:12.4550000', '18:51:13.8940000', '2009-05-22', '2009-05-27', 815)
INSERT dbo.Flights(Flight_number, Flight_Duration, Departing_airport, Arriving_airport, Departing_time, Arriving_time, Departing_date, Arriving_date, Flight_distance) VALUES (305383, 24, 'LOO', 'BGA', '04:04:58.3130000', '14:39:31.0090000', '2000-01-04', '2000-01-08', 3)
INSERT dbo.Flights(Flight_number, Flight_Duration, Departing_airport, Arriving_airport, Departing_time, Arriving_time, Departing_date, Arriving_date, Flight_distance) VALUES (378354, 8, 'HLR', 'SYA', '01:58:01.0980000', '17:18:33.2290000', '2019-12-27', '2019-12-31', 119)
INSERT dbo.Flights(Flight_number, Flight_Duration, Departing_airport, Arriving_airport, Departing_time, Arriving_time, Departing_date, Arriving_date, Flight_distance) VALUES (438355, 23, 'BLL', 'NCA', '10:12:41.0210000', '02:15:34.9010000', '2014-06-10', '2014-06-17', 901)
INSERT dbo.Flights(Flight_number, Flight_Duration, Departing_airport, Arriving_airport, Departing_time, Arriving_time, Departing_date, Arriving_date, Flight_distance) VALUES (578761, 10, 'TTE', 'TAG', '23:51:55.4390000', '00:27:21.0630000', '2021-05-09', '2021-05-14', 88)
INSERT dbo.Flights(Flight_number, Flight_Duration, Departing_airport, Arriving_airport, Departing_time, Arriving_time, Departing_date, Arriving_date, Flight_distance) VALUES (518763, 24, 'YXX', 'CHA', '03:22:32.5790000', '18:17:00.1260000', '2021-10-01', '2021-10-06', 53)
GO

--
-- Inserting data into table dbo.problems
--
INSERT dbo.problems(problem_ID, problem_severity, problem_type, problem_complaint) VALUES (1, 4, '--Technical--', 'hjoxynhiqreljvxnkydrkhceixlqba')
INSERT dbo.problems(problem_ID, problem_severity, problem_type, problem_complaint) VALUES (2, 2, 'Flight_cancellations', 'ayahsgiyqbqbcvpbcjhcohqnaoaurcydohgjxpvxual')
INSERT dbo.problems(problem_ID, problem_severity, problem_type, problem_complaint) VALUES (3, 1, '--Technical--', 'tdktcebeqahhjmrlqjhte')
INSERT dbo.problems(problem_ID, problem_severity, problem_type, problem_complaint) VALUES (4, 4, 'Flight_delays', 'vhbresjqxuizduhdlkybivxcudggoeiqtsrmzccjxmbkaewa')
INSERT dbo.problems(problem_ID, problem_severity, problem_type, problem_complaint) VALUES (5, 3, 'Flight_cancellations', 'jjnqbiv')
INSERT dbo.problems(problem_ID, problem_severity, problem_type, problem_complaint) VALUES (6, 2, 'Flight_cancellations', 'xtamjocpvlehdshcsnagjvxud')
INSERT dbo.problems(problem_ID, problem_severity, problem_type, problem_complaint) VALUES (7, 3, '--Technical--', 'wrxzkzkzrlbdpeorsxcdvplccfhpopbatgnhrlydroivfrsyfagdto')
INSERT dbo.problems(problem_ID, problem_severity, problem_type, problem_complaint) VALUES (8, 4, '--Technical--', 'wewspaqdxuimprhniievbrtdccsukcmxxzjpz')
INSERT dbo.problems(problem_ID, problem_severity, problem_type, problem_complaint) VALUES (9, 1, 'Administrative', 'jcytvtzxaciohjquyabifwfptqagvwwfxmokkemsc')
INSERT dbo.problems(problem_ID, problem_severity, problem_type, problem_complaint) VALUES (10, 1, 'Flight_delays', 'bqctpvlrrwoggbhgwrmdfepnuwtklxhmlvragdoovkijhbixeugelsirdtdz')
INSERT dbo.problems(problem_ID, problem_severity, problem_type, problem_complaint) VALUES (11, 2, '--Technical--', 'cmgznemey')
INSERT dbo.problems(problem_ID, problem_severity, problem_type, problem_complaint) VALUES (12, 4, 'Flight_delays', 'fgcwmffvbdrqatcwljzjlgxflktniqkxygovsqknoaryfvfjmwrilnkilc')
INSERT dbo.problems(problem_ID, problem_severity, problem_type, problem_complaint) VALUES (13, 2, 'Flight_delays', 'ijxkitfgrzmyuhhncgcadqbpkgiedzxjukjvrrifevkkiomibtrodo')
INSERT dbo.problems(problem_ID, problem_severity, problem_type, problem_complaint) VALUES (14, 2, 'Flight_delays', 'fscxykmgawozceulodqsljsemarahacw')
INSERT dbo.problems(problem_ID, problem_severity, problem_type, problem_complaint) VALUES (15, 2, 'Flight_cancellations', 'mzwavktiiarwradelutwywuwmhmzcbbtuznycijgxbfecqeeakqx')
INSERT dbo.problems(problem_ID, problem_severity, problem_type, problem_complaint) VALUES (16, 3, 'Flight_cancellations', 'bxlrmvorlbcvvxcacxzesbwzsgerujrmzkqzaxhomrfougwjtnwqnthamxxjlgh')
INSERT dbo.problems(problem_ID, problem_severity, problem_type, problem_complaint) VALUES (17, 1, 'Administrative', 'uflrwzadlnweuxsotgombmxisttkvumwplrbgczfuhwg')
INSERT dbo.problems(problem_ID, problem_severity, problem_type, problem_complaint) VALUES (18, 4, '--Technical--', 'qdbie')
INSERT dbo.problems(problem_ID, problem_severity, problem_type, problem_complaint) VALUES (19, 3, 'Administrative', 'rbheaehyplkplbgizbnncxjcdlyjtzjjxkndboxahdgedvldsocndbrhtous')
INSERT dbo.problems(problem_ID, problem_severity, problem_type, problem_complaint) VALUES (20, 2, '--Technical--', 'mcuigjvkpfgzgrfnxdmdejaaso')
INSERT dbo.problems(problem_ID, problem_severity, problem_type, problem_complaint) VALUES (21, 2, 'Administrative', 'qoypibmz')
INSERT dbo.problems(problem_ID, problem_severity, problem_type, problem_complaint) VALUES (22, 2, '--Technical--', 'zdlrawdyaaeyjjujzemaxhdtwoqgbezgtpmcawhhhythirexwqbxtefnteaabvszi')
INSERT dbo.problems(problem_ID, problem_severity, problem_type, problem_complaint) VALUES (23, 2, 'Administrative', 'smfykkhgi')
INSERT dbo.problems(problem_ID, problem_severity, problem_type, problem_complaint) VALUES (24, 3, 'Flight_delays', 'm')
INSERT dbo.problems(problem_ID, problem_severity, problem_type, problem_complaint) VALUES (25, 2, 'Flight_delays', 'tmlsryoqnmrrnobhdeqcgmggonpvylxyvwwt')
INSERT dbo.problems(problem_ID, problem_severity, problem_type, problem_complaint) VALUES (26, 2, 'Flight_cancellations', 'lho')
INSERT dbo.problems(problem_ID, problem_severity, problem_type, problem_complaint) VALUES (27, 1, 'Administrative', 'pqeghhlnblufppxxksyahjperhoz')
INSERT dbo.problems(problem_ID, problem_severity, problem_type, problem_complaint) VALUES (28, 3, '--Technical--', 'jbsvqgsgshpuzipvhdsbiojmfbzxowcilxikfmkzmmxrsxenekxaumixixvxwgtach')
INSERT dbo.problems(problem_ID, problem_severity, problem_type, problem_complaint) VALUES (29, 1, 'Flight_delays', 'qc')
INSERT dbo.problems(problem_ID, problem_severity, problem_type, problem_complaint) VALUES (30, 4, 'Administrative', 'dfildrbbzr')
INSERT dbo.problems(problem_ID, problem_severity, problem_type, problem_complaint) VALUES (31, 1, 'Administrative', 'isywalvhrzzueypacgcjqfhjahnzydwiqjbfuylkfqauvojheiimp')
INSERT dbo.problems(problem_ID, problem_severity, problem_type, problem_complaint) VALUES (32, 1, 'Flight_delays', 'ateeervtsychfceiuhbcctqmpksxwgrgeotptsjdpvrrsabnxbwjrepsep')
INSERT dbo.problems(problem_ID, problem_severity, problem_type, problem_complaint) VALUES (33, 2, 'Flight_cancellations', 'noklwadavwqfaoiolusxfg')
INSERT dbo.problems(problem_ID, problem_severity, problem_type, problem_complaint) VALUES (34, 4, 'Flight_delays', 'actafhfnaubuwwwdihubfoms')
INSERT dbo.problems(problem_ID, problem_severity, problem_type, problem_complaint) VALUES (35, 1, '--Technical--', 'jsg')
INSERT dbo.problems(problem_ID, problem_severity, problem_type, problem_complaint) VALUES (36, 4, 'Flight_cancellations', 'qjhrlgxbpgpqwnuhwjnvhjlyahousmashmskegfujbkaaxsjhwcdgxauuvptvwet')
INSERT dbo.problems(problem_ID, problem_severity, problem_type, problem_complaint) VALUES (37, 4, 'Administrative', 'wsahe')
INSERT dbo.problems(problem_ID, problem_severity, problem_type, problem_complaint) VALUES (38, 2, '--Technical--', 'zbndadkcwfcidihtuhvvyubcwisywdkpyztlotxiukiedagsmbledoetuyyveex')
INSERT dbo.problems(problem_ID, problem_severity, problem_type, problem_complaint) VALUES (39, 1, '--Technical--', 'kadksghcnnv')
INSERT dbo.problems(problem_ID, problem_severity, problem_type, problem_complaint) VALUES (40, 4, 'Administrative', 'ddcgar')
INSERT dbo.problems(problem_ID, problem_severity, problem_type, problem_complaint) VALUES (41, 4, 'Flight_cancellations', 'eqsdymibveijnnnzkauvmjwtcfeppqrifbaweicgauutkmlt')
INSERT dbo.problems(problem_ID, problem_severity, problem_type, problem_complaint) VALUES (42, 4, 'Flight_cancellations', 'xnvqqcsukcvjtyjtqncbpdepswfmicqpndmauwuahupkejkjpbjhkhhybyt')
INSERT dbo.problems(problem_ID, problem_severity, problem_type, problem_complaint) VALUES (43, 3, 'Administrative', 'whwxdjzfyfleadedytmqorpeqaipvnahtdrxbeitbtfbcqoovfyljaibszxhnrzk')
INSERT dbo.problems(problem_ID, problem_severity, problem_type, problem_complaint) VALUES (44, 4, 'Flight_delays', 'svkelefbuhrvseuvibuoyjnl')
INSERT dbo.problems(problem_ID, problem_severity, problem_type, problem_complaint) VALUES (45, 1, 'Flight_cancellations', 'ntgdy')
INSERT dbo.problems(problem_ID, problem_severity, problem_type, problem_complaint) VALUES (46, 4, 'Flight_delays', 'kgeljsuvhaujgrvaobowbhnreghxmgttxzfqxksvpwzgpctnzoxweinhtlihdaej')
INSERT dbo.problems(problem_ID, problem_severity, problem_type, problem_complaint) VALUES (47, 3, '--Technical--', 'dxofxysetaqlobjligokaxketvhrccwogrwwphklwtqzg')
INSERT dbo.problems(problem_ID, problem_severity, problem_type, problem_complaint) VALUES (48, 2, '--Technical--', 'fyaxtpjctvplvhplcyqfnzyoddttgnuidrbydnmagmvsgsbyapiy')
INSERT dbo.problems(problem_ID, problem_severity, problem_type, problem_complaint) VALUES (49, 1, 'Flight_cancellations', 'wngvudshkdwvateyqkfvygkf')
INSERT dbo.problems(problem_ID, problem_severity, problem_type, problem_complaint) VALUES (50, 4, 'Administrative', 'hxzxmlgrxyebgpjmtzmrovqzjggiaujfqhrhuhbibjeeswkwhwiixzecauciee')
GO

--
-- Inserting data into table dbo.promotions
--
INSERT dbo.promotions(promotions_code, promotions_type, promotions_startdate, promotions_enddate, promotions_value) VALUES (926, 'Offer Offer', '2022-05-22 02:31:18.880', '2022-05-26 09:38:51.064', 0)
INSERT dbo.promotions(promotions_code, promotions_type, promotions_startdate, promotions_enddate, promotions_value) VALUES (1127, 'Offer Discound Offer', '2009-07-08 23:26:54.750', '2009-07-13 13:14:59.763', 277)
INSERT dbo.promotions(promotions_code, promotions_type, promotions_startdate, promotions_enddate, promotions_value) VALUES (0, 'Discound Offer Offer Offer Offer Discound', '2000-11-19 16:16:12.790', '2000-11-24 19:36:53.912', 1099)
INSERT dbo.promotions(promotions_code, promotions_type, promotions_startdate, promotions_enddate, promotions_value) VALUES (927, 'Offer Discound Offer Offer', '2021-03-06 23:34:47.300', '2021-03-17 05:11:35.653', 802)
INSERT dbo.promotions(promotions_code, promotions_type, promotions_startdate, promotions_enddate, promotions_value) VALUES (434, 'Offer Offer Offer Offer Offer Offer Offer', '2002-05-28 21:12:46.260', '2002-06-02 16:45:23.416', 95)
INSERT dbo.promotions(promotions_code, promotions_type, promotions_startdate, promotions_enddate, promotions_value) VALUES (1128, 'Discound Discound Discound Offer Discound', '2005-12-12 17:17:44.020', '2005-12-15 06:27:32.509', 1696)
INSERT dbo.promotions(promotions_code, promotions_type, promotions_startdate, promotions_enddate, promotions_value) VALUES (1765, 'Discound Discound Offer Discound Offer Discound', '2004-01-04 13:53:04.750', '2004-01-09 06:07:26.612', 1217)
INSERT dbo.promotions(promotions_code, promotions_type, promotions_startdate, promotions_enddate, promotions_value) VALUES (928, 'Discound Offer', '2011-08-04 09:36:58.480', '2011-08-12 05:08:22.212', 5)
INSERT dbo.promotions(promotions_code, promotions_type, promotions_startdate, promotions_enddate, promotions_value) VALUES (1129, 'Offer Offer Offer Discound Discound Discound', '2016-10-01 22:06:38.780', '2016-10-11 02:28:57.217', 8)
INSERT dbo.promotions(promotions_code, promotions_type, promotions_startdate, promotions_enddate, promotions_value) VALUES (635, 'Discound Discound Discound Offer Offer Discound', '2016-06-10 00:53:31.680', '2016-06-22 01:43:30.243', 764)
INSERT dbo.promotions(promotions_code, promotions_type, promotions_startdate, promotions_enddate, promotions_value) VALUES (435, NULL, '2012-02-20 20:05:42.140', '2012-02-29 11:10:08.337', 62)
INSERT dbo.promotions(promotions_code, promotions_type, promotions_startdate, promotions_enddate, promotions_value) VALUES (201, 'Offer Offer Discound Discound Discound', '2018-01-21 15:04:50.530', '2018-01-25 09:33:51.477', 2142)
INSERT dbo.promotions(promotions_code, promotions_type, promotions_startdate, promotions_enddate, promotions_value) VALUES (1964, 'Discound Offer Discound Discound Offer Discound', '2004-12-11 11:03:38.590', '2004-12-17 16:09:31.654', 2551)
INSERT dbo.promotions(promotions_code, promotions_type, promotions_startdate, promotions_enddate, promotions_value) VALUES (929, NULL, '2001-03-06 09:04:48.170', '2001-03-11 04:31:42.538', 441)
INSERT dbo.promotions(promotions_code, promotions_type, promotions_startdate, promotions_enddate, promotions_value) VALUES (1766, 'Discound Discound Offer Discound Offer', '2012-10-14 16:34:18.810', '2012-10-22 01:33:44.899', 1741)
INSERT dbo.promotions(promotions_code, promotions_type, promotions_startdate, promotions_enddate, promotions_value) VALUES (1965, 'Discound Offer Discound Discound', '2000-09-28 17:41:29.080', '2000-10-13 06:10:33.906', 10)
INSERT dbo.promotions(promotions_code, promotions_type, promotions_startdate, promotions_enddate, promotions_value) VALUES (636, 'Discound Offer Offer Offer Discound Offer', '2008-09-07 16:01:59.400', '2008-09-15 16:01:42.617', 255)
INSERT dbo.promotions(promotions_code, promotions_type, promotions_startdate, promotions_enddate, promotions_value) VALUES (436, NULL, '2008-01-18 03:11:32.920', '2008-01-21 01:19:54.781', 1395)
INSERT dbo.promotions(promotions_code, promotions_type, promotions_startdate, promotions_enddate, promotions_value) VALUES (1, 'Offer Discound Discound', '2015-05-28 16:53:04.090', '2015-05-31 19:55:49.098', 1035)
INSERT dbo.promotions(promotions_code, promotions_type, promotions_startdate, promotions_enddate, promotions_value) VALUES (637, 'Discound Offer', '2006-05-31 20:22:57.220', '2006-06-04 08:12:37.103', 42)
INSERT dbo.promotions(promotions_code, promotions_type, promotions_startdate, promotions_enddate, promotions_value) VALUES (202, 'Offer Discound Discound Discound', '2017-06-19 12:51:18.690', '2017-06-28 10:19:31.312', 1279)
INSERT dbo.promotions(promotions_code, promotions_type, promotions_startdate, promotions_enddate, promotions_value) VALUES (1130, 'Discound Discound', '2013-07-31 08:04:38.960', '2013-08-11 06:46:54.570', 1526)
INSERT dbo.promotions(promotions_code, promotions_type, promotions_startdate, promotions_enddate, promotions_value) VALUES (1375, 'Offer Offer', '2003-01-10 22:56:38.670', '2003-01-18 21:48:51.369', 1599)
INSERT dbo.promotions(promotions_code, promotions_type, promotions_startdate, promotions_enddate, promotions_value) VALUES (1576, NULL, '2011-10-25 18:18:14.930', '2011-11-03 06:29:50.244', 323)
INSERT dbo.promotions(promotions_code, promotions_type, promotions_startdate, promotions_enddate, promotions_value) VALUES (2, 'Discound Discound', '2019-12-26 20:58:54.090', '2020-01-07 17:33:04.354', 59)
INSERT dbo.promotions(promotions_code, promotions_type, promotions_startdate, promotions_enddate, promotions_value) VALUES (1376, 'Offer Offer Offer Offer Offer Discound Discound', '2011-10-08 01:34:46.780', '2011-10-19 10:47:14.834', 421)
INSERT dbo.promotions(promotions_code, promotions_type, promotions_startdate, promotions_enddate, promotions_value) VALUES (1767, NULL, '2000-10-13 05:55:45.740', '2000-10-20 20:18:23.954', 2942)
INSERT dbo.promotions(promotions_code, promotions_type, promotions_startdate, promotions_enddate, promotions_value) VALUES (1966, 'Discound Offer Discound', '2004-12-03 21:59:43.560', '2004-12-08 12:07:27.063', 2393)
INSERT dbo.promotions(promotions_code, promotions_type, promotions_startdate, promotions_enddate, promotions_value) VALUES (437, 'Discound Discound', '2016-05-12 16:07:15.940', '2016-05-20 05:18:27.411', 2936)
INSERT dbo.promotions(promotions_code, promotions_type, promotions_startdate, promotions_enddate, promotions_value) VALUES (1577, 'Discound Offer Discound Discound', '2022-07-09 13:24:59.890', '2022-07-19 13:01:04.710', 2079)
INSERT dbo.promotions(promotions_code, promotions_type, promotions_startdate, promotions_enddate, promotions_value) VALUES (1768, 'Offer Discound', '2017-06-16 02:04:22.760', '2017-06-25 22:10:43.664', 3)
INSERT dbo.promotions(promotions_code, promotions_type, promotions_startdate, promotions_enddate, promotions_value) VALUES (203, 'Offer Discound Discound', '2002-03-22 19:42:12.980', '2002-04-04 08:56:52.318', 2555)
INSERT dbo.promotions(promotions_code, promotions_type, promotions_startdate, promotions_enddate, promotions_value) VALUES (930, 'Offer Discound Discound Offer', '2009-12-11 07:35:10.100', '2009-12-17 16:21:43.127', 24)
INSERT dbo.promotions(promotions_code, promotions_type, promotions_startdate, promotions_enddate, promotions_value) VALUES (3, 'Discound Discound Offer', '2014-02-02 19:55:27.220', '2014-02-13 21:20:22.937', 8)
INSERT dbo.promotions(promotions_code, promotions_type, promotions_startdate, promotions_enddate, promotions_value) VALUES (638, 'Offer Offer Discound Offer Discound Offer Offer', '2020-10-21 08:56:01.390', '2020-10-31 21:46:28.583', 674)
INSERT dbo.promotions(promotions_code, promotions_type, promotions_startdate, promotions_enddate, promotions_value) VALUES (1967, 'Discound Offer Discound Offer Discound', '2001-10-16 01:47:21.350', '2001-10-20 15:28:13.862', 2)
INSERT dbo.promotions(promotions_code, promotions_type, promotions_startdate, promotions_enddate, promotions_value) VALUES (438, NULL, '2002-08-05 09:54:09.690', '2002-08-09 06:45:11.868', 2192)
INSERT dbo.promotions(promotions_code, promotions_type, promotions_startdate, promotions_enddate, promotions_value) VALUES (204, 'Discound Discound', '2010-04-07 01:15:59.030', '2010-04-20 06:09:55.177', 2422)
INSERT dbo.promotions(promotions_code, promotions_type, promotions_startdate, promotions_enddate, promotions_value) VALUES (1377, 'Discound Discound Discound Discound Discound', '2010-07-03 01:58:22.150', '2010-07-14 18:00:29.099', 903)
INSERT dbo.promotions(promotions_code, promotions_type, promotions_startdate, promotions_enddate, promotions_value) VALUES (4, 'Discound Offer Discound Discound', '2008-10-17 05:14:28.360', '2008-10-24 08:50:38.868', 2366)
INSERT dbo.promotions(promotions_code, promotions_type, promotions_startdate, promotions_enddate, promotions_value) VALUES (205, 'Offer Discound Discound Discound Discound Offer', '2005-05-29 02:20:10.550', '2005-06-05 22:39:40.006', 2760)
INSERT dbo.promotions(promotions_code, promotions_type, promotions_startdate, promotions_enddate, promotions_value) VALUES (1769, 'Offer Offer Offer Discound Discound', '2011-08-14 00:16:14.360', '2011-08-21 14:00:38.952', 1971)
INSERT dbo.promotions(promotions_code, promotions_type, promotions_startdate, promotions_enddate, promotions_value) VALUES (1131, 'Offer Offer', '2003-04-08 09:43:33.240', '2003-04-18 02:43:51.535', 305)
INSERT dbo.promotions(promotions_code, promotions_type, promotions_startdate, promotions_enddate, promotions_value) VALUES (931, 'Offer Offer Offer Offer Offer Discound Discound', '2009-01-06 00:51:05.000', '2009-01-07 06:33:24.528', 924)
INSERT dbo.promotions(promotions_code, promotions_type, promotions_startdate, promotions_enddate, promotions_value) VALUES (1132, 'Discound Offer Discound Offer Discound Discound', '2019-12-31 00:21:48.560', '2020-01-01 17:29:29.077', 670)
INSERT dbo.promotions(promotions_code, promotions_type, promotions_startdate, promotions_enddate, promotions_value) VALUES (1578, 'Offer Offer Offer Offer Offer Offer Offer Offer', '2016-03-05 16:15:05.340', '2016-03-06 18:57:08.157', 1236)
INSERT dbo.promotions(promotions_code, promotions_type, promotions_startdate, promotions_enddate, promotions_value) VALUES (1378, 'Offer Discound Offer Discound', '2022-09-27 17:50:06.460', '2022-09-30 04:02:40.788', 633)
INSERT dbo.promotions(promotions_code, promotions_type, promotions_startdate, promotions_enddate, promotions_value) VALUES (5, NULL, '2006-03-15 13:28:51.860', '2006-03-18 00:44:38.722', 9)
INSERT dbo.promotions(promotions_code, promotions_type, promotions_startdate, promotions_enddate, promotions_value) VALUES (932, 'Offer Offer Discound Offer', '2016-12-19 21:21:55.000', '2016-12-22 05:33:06.209', 1471)
INSERT dbo.promotions(promotions_code, promotions_type, promotions_startdate, promotions_enddate, promotions_value) VALUES (206, NULL, '2016-04-06 06:50:21.480', '2016-04-07 15:49:32.511', 534)
GO

--
-- Inserting data into table dbo.Reservation_Channels
--
INSERT dbo.Reservation_Channels(Reservation_Channels_ID, Reservation_Channels_type) VALUES (1, 'offline offline')
INSERT dbo.Reservation_Channels(Reservation_Channels_ID, Reservation_Channels_type) VALUES (2, NULL)
INSERT dbo.Reservation_Channels(Reservation_Channels_ID, Reservation_Channels_type) VALUES (3, 'offline offline')
INSERT dbo.Reservation_Channels(Reservation_Channels_ID, Reservation_Channels_type) VALUES (4, 'offline online')
INSERT dbo.Reservation_Channels(Reservation_Channels_ID, Reservation_Channels_type) VALUES (5, 'offline online')
INSERT dbo.Reservation_Channels(Reservation_Channels_ID, Reservation_Channels_type) VALUES (6, 'offline online')
INSERT dbo.Reservation_Channels(Reservation_Channels_ID, Reservation_Channels_type) VALUES (7, 'offline online')
INSERT dbo.Reservation_Channels(Reservation_Channels_ID, Reservation_Channels_type) VALUES (8, 'offline offline')
INSERT dbo.Reservation_Channels(Reservation_Channels_ID, Reservation_Channels_type) VALUES (9, 'online offline')
INSERT dbo.Reservation_Channels(Reservation_Channels_ID, Reservation_Channels_type) VALUES (10, 'online online')
INSERT dbo.Reservation_Channels(Reservation_Channels_ID, Reservation_Channels_type) VALUES (11, 'offline')
INSERT dbo.Reservation_Channels(Reservation_Channels_ID, Reservation_Channels_type) VALUES (12, 'offline')
INSERT dbo.Reservation_Channels(Reservation_Channels_ID, Reservation_Channels_type) VALUES (13, 'online online')
INSERT dbo.Reservation_Channels(Reservation_Channels_ID, Reservation_Channels_type) VALUES (14, 'offline online')
INSERT dbo.Reservation_Channels(Reservation_Channels_ID, Reservation_Channels_type) VALUES (15, NULL)
INSERT dbo.Reservation_Channels(Reservation_Channels_ID, Reservation_Channels_type) VALUES (16, 'online offline')
INSERT dbo.Reservation_Channels(Reservation_Channels_ID, Reservation_Channels_type) VALUES (17, 'offline')
INSERT dbo.Reservation_Channels(Reservation_Channels_ID, Reservation_Channels_type) VALUES (18, 'offline offline')
INSERT dbo.Reservation_Channels(Reservation_Channels_ID, Reservation_Channels_type) VALUES (19, NULL)
INSERT dbo.Reservation_Channels(Reservation_Channels_ID, Reservation_Channels_type) VALUES (20, 'offline online')
INSERT dbo.Reservation_Channels(Reservation_Channels_ID, Reservation_Channels_type) VALUES (21, 'offline online')
INSERT dbo.Reservation_Channels(Reservation_Channels_ID, Reservation_Channels_type) VALUES (22, 'offline offline')
INSERT dbo.Reservation_Channels(Reservation_Channels_ID, Reservation_Channels_type) VALUES (23, 'online online')
INSERT dbo.Reservation_Channels(Reservation_Channels_ID, Reservation_Channels_type) VALUES (24, 'offline online')
INSERT dbo.Reservation_Channels(Reservation_Channels_ID, Reservation_Channels_type) VALUES (25, NULL)
INSERT dbo.Reservation_Channels(Reservation_Channels_ID, Reservation_Channels_type) VALUES (26, NULL)
INSERT dbo.Reservation_Channels(Reservation_Channels_ID, Reservation_Channels_type) VALUES (27, 'online online')
INSERT dbo.Reservation_Channels(Reservation_Channels_ID, Reservation_Channels_type) VALUES (28, 'online online')
INSERT dbo.Reservation_Channels(Reservation_Channels_ID, Reservation_Channels_type) VALUES (29, 'online offline')
INSERT dbo.Reservation_Channels(Reservation_Channels_ID, Reservation_Channels_type) VALUES (30, 'online online online')
INSERT dbo.Reservation_Channels(Reservation_Channels_ID, Reservation_Channels_type) VALUES (31, 'offline offline')
INSERT dbo.Reservation_Channels(Reservation_Channels_ID, Reservation_Channels_type) VALUES (32, 'offline online')
INSERT dbo.Reservation_Channels(Reservation_Channels_ID, Reservation_Channels_type) VALUES (33, 'online offline')
INSERT dbo.Reservation_Channels(Reservation_Channels_ID, Reservation_Channels_type) VALUES (34, 'offline offline')
INSERT dbo.Reservation_Channels(Reservation_Channels_ID, Reservation_Channels_type) VALUES (35, 'online offline')
INSERT dbo.Reservation_Channels(Reservation_Channels_ID, Reservation_Channels_type) VALUES (36, NULL)
INSERT dbo.Reservation_Channels(Reservation_Channels_ID, Reservation_Channels_type) VALUES (37, 'online online online')
INSERT dbo.Reservation_Channels(Reservation_Channels_ID, Reservation_Channels_type) VALUES (38, 'online online')
INSERT dbo.Reservation_Channels(Reservation_Channels_ID, Reservation_Channels_type) VALUES (39, 'offline offline')
INSERT dbo.Reservation_Channels(Reservation_Channels_ID, Reservation_Channels_type) VALUES (40, 'online online online')
INSERT dbo.Reservation_Channels(Reservation_Channels_ID, Reservation_Channels_type) VALUES (41, 'online online online')
INSERT dbo.Reservation_Channels(Reservation_Channels_ID, Reservation_Channels_type) VALUES (42, 'online online')
INSERT dbo.Reservation_Channels(Reservation_Channels_ID, Reservation_Channels_type) VALUES (43, 'offline online')
INSERT dbo.Reservation_Channels(Reservation_Channels_ID, Reservation_Channels_type) VALUES (44, 'offline offline')
INSERT dbo.Reservation_Channels(Reservation_Channels_ID, Reservation_Channels_type) VALUES (45, 'offline offline')
INSERT dbo.Reservation_Channels(Reservation_Channels_ID, Reservation_Channels_type) VALUES (46, 'online offline')
INSERT dbo.Reservation_Channels(Reservation_Channels_ID, Reservation_Channels_type) VALUES (47, NULL)
INSERT dbo.Reservation_Channels(Reservation_Channels_ID, Reservation_Channels_type) VALUES (48, 'offline')
INSERT dbo.Reservation_Channels(Reservation_Channels_ID, Reservation_Channels_type) VALUES (49, NULL)
INSERT dbo.Reservation_Channels(Reservation_Channels_ID, Reservation_Channels_type) VALUES (50, 'offline offline')
GO

--
-- Inserting data into table dbo.Tickets
--
INSERT dbo.Tickets(Tickets_ID, Tickets_class, upgrade_check, Seat_number, Ticket_price) VALUES (1, 'Titanium Aluminum', 1, 21, 1651)
INSERT dbo.Tickets(Tickets_ID, Tickets_class, upgrade_check, Seat_number, Ticket_price) VALUES (2, 'Platinum', 0, 180, 1154)
INSERT dbo.Tickets(Tickets_ID, Tickets_class, upgrade_check, Seat_number, Ticket_price) VALUES (3, 'Aluminum Gold', 0, 139, 585)
INSERT dbo.Tickets(Tickets_ID, Tickets_class, upgrade_check, Seat_number, Ticket_price) VALUES (4, 'Aluminum', 0, 2, 988)
INSERT dbo.Tickets(Tickets_ID, Tickets_class, upgrade_check, Seat_number, Ticket_price) VALUES (5, 'Titanium', 0, 27, 99)
INSERT dbo.Tickets(Tickets_ID, Tickets_class, upgrade_check, Seat_number, Ticket_price) VALUES (6, 'Platinum Gold', 0, 41, 1663)
INSERT dbo.Tickets(Tickets_ID, Tickets_class, upgrade_check, Seat_number, Ticket_price) VALUES (7, 'Aluminum Platinum', 1, 42, 1766)
INSERT dbo.Tickets(Tickets_ID, Tickets_class, upgrade_check, Seat_number, Ticket_price) VALUES (8, 'Gold Aluminum', 1, 67, 1532)
INSERT dbo.Tickets(Tickets_ID, Tickets_class, upgrade_check, Seat_number, Ticket_price) VALUES (9, 'Platinum Platinum', 0, 208, 1193)
INSERT dbo.Tickets(Tickets_ID, Tickets_class, upgrade_check, Seat_number, Ticket_price) VALUES (10, 'Platinum Aluminum', 1, 186, 1279)
INSERT dbo.Tickets(Tickets_ID, Tickets_class, upgrade_check, Seat_number, Ticket_price) VALUES (11, 'Platinum Aluminum', 1, 27, 1136)
INSERT dbo.Tickets(Tickets_ID, Tickets_class, upgrade_check, Seat_number, Ticket_price) VALUES (12, 'Platinum Titanium', 0, 98, 313)
INSERT dbo.Tickets(Tickets_ID, Tickets_class, upgrade_check, Seat_number, Ticket_price) VALUES (13, 'Platinum Gold', 1, 137, 1536)
INSERT dbo.Tickets(Tickets_ID, Tickets_class, upgrade_check, Seat_number, Ticket_price) VALUES (14, 'Gold Platinum', 1, 42, 1629)
INSERT dbo.Tickets(Tickets_ID, Tickets_class, upgrade_check, Seat_number, Ticket_price) VALUES (15, 'Gold Platinum', 0, 172, 1618)
INSERT dbo.Tickets(Tickets_ID, Tickets_class, upgrade_check, Seat_number, Ticket_price) VALUES (16, NULL, 0, 213, 1224)
INSERT dbo.Tickets(Tickets_ID, Tickets_class, upgrade_check, Seat_number, Ticket_price) VALUES (17, 'Platinum Gold', 1, 83, 1538)
INSERT dbo.Tickets(Tickets_ID, Tickets_class, upgrade_check, Seat_number, Ticket_price) VALUES (18, 'Titanium Platinum', 0, 236, 1637)
INSERT dbo.Tickets(Tickets_ID, Tickets_class, upgrade_check, Seat_number, Ticket_price) VALUES (19, 'Platinum Gold', 1, 46, 1837)
INSERT dbo.Tickets(Tickets_ID, Tickets_class, upgrade_check, Seat_number, Ticket_price) VALUES (20, 'Titanium Aluminum', 0, 5, 1151)
INSERT dbo.Tickets(Tickets_ID, Tickets_class, upgrade_check, Seat_number, Ticket_price) VALUES (21, 'Gold Aluminum', 0, 147, 628)
INSERT dbo.Tickets(Tickets_ID, Tickets_class, upgrade_check, Seat_number, Ticket_price) VALUES (22, 'Aluminum', 1, 29, 494)
INSERT dbo.Tickets(Tickets_ID, Tickets_class, upgrade_check, Seat_number, Ticket_price) VALUES (23, 'Gold Gold', 1, 155, 948)
INSERT dbo.Tickets(Tickets_ID, Tickets_class, upgrade_check, Seat_number, Ticket_price) VALUES (24, 'Platinum', 0, 200, 1248)
INSERT dbo.Tickets(Tickets_ID, Tickets_class, upgrade_check, Seat_number, Ticket_price) VALUES (25, 'Gold Platinum', 0, 13, 932)
INSERT dbo.Tickets(Tickets_ID, Tickets_class, upgrade_check, Seat_number, Ticket_price) VALUES (26, 'Platinum Aluminum', 0, 0, 847)
INSERT dbo.Tickets(Tickets_ID, Tickets_class, upgrade_check, Seat_number, Ticket_price) VALUES (27, 'Gold Titanium', 0, 202, 1013)
INSERT dbo.Tickets(Tickets_ID, Tickets_class, upgrade_check, Seat_number, Ticket_price) VALUES (28, 'Gold Gold', 1, 14, 582)
INSERT dbo.Tickets(Tickets_ID, Tickets_class, upgrade_check, Seat_number, Ticket_price) VALUES (29, 'Titanium Platinum', 0, 8, 934)
INSERT dbo.Tickets(Tickets_ID, Tickets_class, upgrade_check, Seat_number, Ticket_price) VALUES (30, 'Platinum Platinum', 1, 231, 1121)
INSERT dbo.Tickets(Tickets_ID, Tickets_class, upgrade_check, Seat_number, Ticket_price) VALUES (31, 'Titanium Gold', 1, 192, 645)
INSERT dbo.Tickets(Tickets_ID, Tickets_class, upgrade_check, Seat_number, Ticket_price) VALUES (32, 'Platinum', 1, 139, 1777)
INSERT dbo.Tickets(Tickets_ID, Tickets_class, upgrade_check, Seat_number, Ticket_price) VALUES (33, 'Titanium Gold', 1, 211, 1760)
INSERT dbo.Tickets(Tickets_ID, Tickets_class, upgrade_check, Seat_number, Ticket_price) VALUES (34, 'Platinum Aluminum', 0, 128, 1428)
INSERT dbo.Tickets(Tickets_ID, Tickets_class, upgrade_check, Seat_number, Ticket_price) VALUES (35, 'Aluminum Titanium', 1, 161, 129)
INSERT dbo.Tickets(Tickets_ID, Tickets_class, upgrade_check, Seat_number, Ticket_price) VALUES (36, 'Titanium Platinum', 1, 1, 112)
INSERT dbo.Tickets(Tickets_ID, Tickets_class, upgrade_check, Seat_number, Ticket_price) VALUES (37, 'Aluminum Aluminum', 0, 80, 1684)
INSERT dbo.Tickets(Tickets_ID, Tickets_class, upgrade_check, Seat_number, Ticket_price) VALUES (38, 'Aluminum Gold', 0, 42, 1160)
INSERT dbo.Tickets(Tickets_ID, Tickets_class, upgrade_check, Seat_number, Ticket_price) VALUES (39, NULL, 1, 19, 1921)
INSERT dbo.Tickets(Tickets_ID, Tickets_class, upgrade_check, Seat_number, Ticket_price) VALUES (40, 'Platinum Aluminum', 0, 14, 1730)
INSERT dbo.Tickets(Tickets_ID, Tickets_class, upgrade_check, Seat_number, Ticket_price) VALUES (41, 'Gold Titanium', 0, 223, 101)
INSERT dbo.Tickets(Tickets_ID, Tickets_class, upgrade_check, Seat_number, Ticket_price) VALUES (42, 'Titanium', 1, 1, 781)
INSERT dbo.Tickets(Tickets_ID, Tickets_class, upgrade_check, Seat_number, Ticket_price) VALUES (43, 'Gold Titanium', 1, 16, 566)
INSERT dbo.Tickets(Tickets_ID, Tickets_class, upgrade_check, Seat_number, Ticket_price) VALUES (44, 'Titanium Gold', 0, 67, 323)
INSERT dbo.Tickets(Tickets_ID, Tickets_class, upgrade_check, Seat_number, Ticket_price) VALUES (45, 'Gold Gold Titanium', 0, 99, 687)
INSERT dbo.Tickets(Tickets_ID, Tickets_class, upgrade_check, Seat_number, Ticket_price) VALUES (46, 'Gold Platinum', 1, 140, 738)
INSERT dbo.Tickets(Tickets_ID, Tickets_class, upgrade_check, Seat_number, Ticket_price) VALUES (47, NULL, 0, 69, 1958)
INSERT dbo.Tickets(Tickets_ID, Tickets_class, upgrade_check, Seat_number, Ticket_price) VALUES (48, 'Gold Platinum', 0, 12, 1918)
INSERT dbo.Tickets(Tickets_ID, Tickets_class, upgrade_check, Seat_number, Ticket_price) VALUES (49, 'Platinum Gold', 1, 154, 1400)
INSERT dbo.Tickets(Tickets_ID, Tickets_class, upgrade_check, Seat_number, Ticket_price) VALUES (50, NULL, 1, 153, 1834)
GO

--
-- Inserting data into table dbo.Travelers
--
INSERT dbo.Travelers(Travelers_ID, Travelers_Name, Travelers_address, Travelers_state, Travelers_gender, Travelers_loyalty) VALUES (1, 'Fausto254', '29 Riddle Hill Street', 'Arizona', 'Female', 0)
INSERT dbo.Travelers(Travelers_ID, Travelers_Name, Travelers_address, Travelers_state, Travelers_gender, Travelers_loyalty) VALUES (2, 'Cheri1951', '96 W Prospect Hill Loop', 'North Dakota', 'Male', 0)
INSERT dbo.Travelers(Travelers_ID, Travelers_Name, Travelers_address, Travelers_state, Travelers_gender, Travelers_loyalty) VALUES (3, 'Phillip2017', '1237 Social Dr', 'South Carolina', 'Female', 1)
INSERT dbo.Travelers(Travelers_ID, Travelers_Name, Travelers_address, Travelers_state, Travelers_gender, Travelers_loyalty) VALUES (4, 'Malik174', '2988 2nd Ave', 'Ohio', 'Female', 1)
INSERT dbo.Travelers(Travelers_ID, Travelers_Name, Travelers_address, Travelers_state, Travelers_gender, Travelers_loyalty) VALUES (5, 'Marylou473', '93 Old Rose Hill Dr', 'Georgia', 'Female', 1)
INSERT dbo.Travelers(Travelers_ID, Travelers_Name, Travelers_address, Travelers_state, Travelers_gender, Travelers_loyalty) VALUES (6, 'Winter1977', '637 Hazelwood Ct', 'Virginia', 'Female', 0)
INSERT dbo.Travelers(Travelers_ID, Travelers_Name, Travelers_address, Travelers_state, Travelers_gender, Travelers_loyalty) VALUES (7, 'Marcellus11', '811 Riverview Loop', 'Kansas', 'Female', 0)
INSERT dbo.Travelers(Travelers_ID, Travelers_Name, Travelers_address, Travelers_state, Travelers_gender, Travelers_loyalty) VALUES (8, 'Norman1970', '1097 West Front Highway', 'Idaho', 'Female', 0)
INSERT dbo.Travelers(Travelers_ID, Travelers_Name, Travelers_address, Travelers_state, Travelers_gender, Travelers_loyalty) VALUES (9, 'Kip542', '287 SW Rose Hill Highway', 'Minnesota', 'Male', 0)
INSERT dbo.Travelers(Travelers_ID, Travelers_Name, Travelers_address, Travelers_state, Travelers_gender, Travelers_loyalty) VALUES (10, 'Donald2027', '3784 Hunting Hill Pkwy', 'Missouri', 'Male', 0)
INSERT dbo.Travelers(Travelers_ID, Travelers_Name, Travelers_address, Travelers_state, Travelers_gender, Travelers_loyalty) VALUES (11, 'Glynn1970', '656 Rockwood Parkway', 'Kentucky', 'Female', 1)
INSERT dbo.Travelers(Travelers_ID, Travelers_Name, Travelers_address, Travelers_state, Travelers_gender, Travelers_loyalty) VALUES (12, 'Carey719', '1975 Edgewood Ct', 'California', 'Male', 0)
INSERT dbo.Travelers(Travelers_ID, Travelers_Name, Travelers_address, Travelers_state, Travelers_gender, Travelers_loyalty) VALUES (13, 'Coyle1991', '396 Hidden Hope Way', 'Massachusetts', 'Male', 0)
INSERT dbo.Travelers(Travelers_ID, Travelers_Name, Travelers_address, Travelers_state, Travelers_gender, Travelers_loyalty) VALUES (14, 'Concha2027', '69 Oak Drive', 'Tennessee', 'Male', 0)
INSERT dbo.Travelers(Travelers_ID, Travelers_Name, Travelers_address, Travelers_state, Travelers_gender, Travelers_loyalty) VALUES (15, 'Pepper551', '2129 SE Riddle Hill Road', 'Florida', 'Male', 0)
INSERT dbo.Travelers(Travelers_ID, Travelers_Name, Travelers_address, Travelers_state, Travelers_gender, Travelers_loyalty) VALUES (16, 'Alonzo8', '477 N Market Blvd', 'Vermont', 'Male', 1)
INSERT dbo.Travelers(Travelers_ID, Travelers_Name, Travelers_address, Travelers_state, Travelers_gender, Travelers_loyalty) VALUES (17, 'Darrick2008', '2820 West Hunting Hill Lane', 'Oregon', 'Male', 0)
INSERT dbo.Travelers(Travelers_ID, Travelers_Name, Travelers_address, Travelers_state, Travelers_gender, Travelers_loyalty) VALUES (18, 'Xavier63', '211 New Ski Hill Highway', 'South Dakota', 'Male', 1)
INSERT dbo.Travelers(Travelers_ID, Travelers_Name, Travelers_address, Travelers_state, Travelers_gender, Travelers_loyalty) VALUES (19, 'Abrams1957', '2295 Meadowview Avenue', 'North Dakota', 'Male', 0)
INSERT dbo.Travelers(Travelers_ID, Travelers_Name, Travelers_address, Travelers_state, Travelers_gender, Travelers_loyalty) VALUES (20, 'Key1955', '28 Ashwood Street', 'Montana', 'Female', 1)
INSERT dbo.Travelers(Travelers_ID, Travelers_Name, Travelers_address, Travelers_state, Travelers_gender, Travelers_loyalty) VALUES (21, 'Chance9', '2944 Oak Avenue', 'Texas', 'Male', 0)
INSERT dbo.Travelers(Travelers_ID, Travelers_Name, Travelers_address, Travelers_state, Travelers_gender, Travelers_loyalty) VALUES (22, 'Cathie224', '1936 S Front Cir', 'North Carolina', 'Female', 1)
INSERT dbo.Travelers(Travelers_ID, Travelers_Name, Travelers_address, Travelers_state, Travelers_gender, Travelers_loyalty) VALUES (23, 'Clifton1965', '930 E Lake Loop', 'Michigan', 'Female', 1)
INSERT dbo.Travelers(Travelers_ID, Travelers_Name, Travelers_address, Travelers_state, Travelers_gender, Travelers_loyalty) VALUES (24, 'Burrell517', '521 1st Hwy', 'New Mexico', 'Male', 0)
INSERT dbo.Travelers(Travelers_ID, Travelers_Name, Travelers_address, Travelers_state, Travelers_gender, Travelers_loyalty) VALUES (25, 'Jamey643', '3530 E Market Blvd', 'Florida', 'Male', 0)
INSERT dbo.Travelers(Travelers_ID, Travelers_Name, Travelers_address, Travelers_state, Travelers_gender, Travelers_loyalty) VALUES (26, 'Brian4', '575 Buttonwood Ln', 'Alabama', 'Female', 1)
INSERT dbo.Travelers(Travelers_ID, Travelers_Name, Travelers_address, Travelers_state, Travelers_gender, Travelers_loyalty) VALUES (27, 'Bautista518', '792 W Front Highway', 'Washington', 'Male', 0)
INSERT dbo.Travelers(Travelers_ID, Travelers_Name, Travelers_address, Travelers_state, Travelers_gender, Travelers_loyalty) VALUES (28, 'Keli1959', '1913 Market Ct', 'Alabama', 'Male', 0)
INSERT dbo.Travelers(Travelers_ID, Travelers_Name, Travelers_address, Travelers_state, Travelers_gender, Travelers_loyalty) VALUES (29, 'Palacios2011', '1376 Hunting Hill Court', 'Kansas', 'Male', 1)
INSERT dbo.Travelers(Travelers_ID, Travelers_Name, Travelers_address, Travelers_state, Travelers_gender, Travelers_loyalty) VALUES (30, 'Annelle1991', '3620 Riddle Hill Ave', 'New Mexico', 'Male', 1)
INSERT dbo.Travelers(Travelers_ID, Travelers_Name, Travelers_address, Travelers_state, Travelers_gender, Travelers_loyalty) VALUES (31, 'Biddle644', '1285 E Mountain Parkway', 'Michigan', 'Female', 0)
INSERT dbo.Travelers(Travelers_ID, Travelers_Name, Travelers_address, Travelers_state, Travelers_gender, Travelers_loyalty) VALUES (32, 'Trinidad346', '622 New Fox Hill Lane', 'Utah', 'Male', 0)
INSERT dbo.Travelers(Travelers_ID, Travelers_Name, Travelers_address, Travelers_state, Travelers_gender, Travelers_loyalty) VALUES (33, 'Melodee1979', '2610 Front Ct', 'New York', 'Male', 0)
INSERT dbo.Travelers(Travelers_ID, Travelers_Name, Travelers_address, Travelers_state, Travelers_gender, Travelers_loyalty) VALUES (34, 'Fletcher1964', '3118 Hope Parkway', 'Virginia', 'Male', 0)
INSERT dbo.Travelers(Travelers_ID, Travelers_Name, Travelers_address, Travelers_state, Travelers_gender, Travelers_loyalty) VALUES (35, 'Randal1983', '1324 Hidden Hazelwood Highway', 'Alaska', 'Male', 1)
INSERT dbo.Travelers(Travelers_ID, Travelers_Name, Travelers_address, Travelers_state, Travelers_gender, Travelers_loyalty) VALUES (36, 'Klein5', '1088 South Town Circle', 'North Dakota', 'Female', 1)
INSERT dbo.Travelers(Travelers_ID, Travelers_Name, Travelers_address, Travelers_state, Travelers_gender, Travelers_loyalty) VALUES (37, 'Adan739', '185 New Chapel Hill Parkway', 'Michigan', 'Female', 0)
INSERT dbo.Travelers(Travelers_ID, Travelers_Name, Travelers_address, Travelers_state, Travelers_gender, Travelers_loyalty) VALUES (38, 'Matney2020', '2974 Glenwood Pkwy', 'Washington', 'Male', 0)
INSERT dbo.Travelers(Travelers_ID, Travelers_Name, Travelers_address, Travelers_state, Travelers_gender, Travelers_loyalty) VALUES (39, 'Adalberto415', '3801 Rose Hill Ct', 'Montana', 'Male', 0)
INSERT dbo.Travelers(Travelers_ID, Travelers_Name, Travelers_address, Travelers_state, Travelers_gender, Travelers_loyalty) VALUES (40, 'Wharton848', '3681 W Hunting Hill Lane', 'Kentucky', 'Male', 0)
INSERT dbo.Travelers(Travelers_ID, Travelers_Name, Travelers_address, Travelers_state, Travelers_gender, Travelers_loyalty) VALUES (41, 'Acker535', '53 Beachwood Circle', 'South Dakota', 'Male', 1)
INSERT dbo.Travelers(Travelers_ID, Travelers_Name, Travelers_address, Travelers_state, Travelers_gender, Travelers_loyalty) VALUES (42, 'Camille6', '3551 75th Loop', 'West Virginia', 'Male', 1)
INSERT dbo.Travelers(Travelers_ID, Travelers_Name, Travelers_address, Travelers_state, Travelers_gender, Travelers_loyalty) VALUES (43, 'Johnson86', '12 1st Ln', 'Kentucky', 'Female', 0)
INSERT dbo.Travelers(Travelers_ID, Travelers_Name, Travelers_address, Travelers_state, Travelers_gender, Travelers_loyalty) VALUES (44, 'Monika1997', '463 Rushwood Highway', 'Washington', 'Male', 0)
INSERT dbo.Travelers(Travelers_ID, Travelers_Name, Travelers_address, Travelers_state, Travelers_gender, Travelers_loyalty) VALUES (45, 'Pritchett2017', '260 NE Stonewood Way', 'Arkansas', 'Male', 1)
INSERT dbo.Travelers(Travelers_ID, Travelers_Name, Travelers_address, Travelers_state, Travelers_gender, Travelers_loyalty) VALUES (46, 'Corbett2012', '2615 Lake Blvd', 'Pennsylvania', 'Male', 1)
INSERT dbo.Travelers(Travelers_ID, Travelers_Name, Travelers_address, Travelers_state, Travelers_gender, Travelers_loyalty) VALUES (47, 'Diann2', '2984 Cedar Tree Drive', 'Nebraska', 'Male', 0)
INSERT dbo.Travelers(Travelers_ID, Travelers_Name, Travelers_address, Travelers_state, Travelers_gender, Travelers_loyalty) VALUES (48, 'Lafferty2022', '1850 Red Farmview Blvd', 'Washington', 'Male', 0)
INSERT dbo.Travelers(Travelers_ID, Travelers_Name, Travelers_address, Travelers_state, Travelers_gender, Travelers_loyalty) VALUES (49, 'Lorette1970', '2660 Glenwood St', 'Louisiana', 'Female', 1)
INSERT dbo.Travelers(Travelers_ID, Travelers_Name, Travelers_address, Travelers_state, Travelers_gender, Travelers_loyalty) VALUES (50, 'Teodora2', '714 Hunting Hill Hwy', 'Florida', 'Female', 1)
GO

--
-- Inserting data into table dbo.Customer_care
--
INSERT dbo.Customer_care(Flight_number, Travelers_ID, problem_ID, Airplane_ID, Date_key) VALUES (378353, 24, 3, 7, 20120122)
INSERT dbo.Customer_care(Flight_number, Travelers_ID, problem_ID, Airplane_ID, Date_key) VALUES (245378, 10, 23, 28, 20120101)
INSERT dbo.Customer_care(Flight_number, Travelers_ID, problem_ID, Airplane_ID, Date_key) VALUES (245381, 21, 18, 27, 20120127)
INSERT dbo.Customer_care(Flight_number, Travelers_ID, problem_ID, Airplane_ID, Date_key) VALUES (578760, 28, 42, 45, 20120122)
INSERT dbo.Customer_care(Flight_number, Travelers_ID, problem_ID, Airplane_ID, Date_key) VALUES (378353, 34, 20, 1, 20120139)
INSERT dbo.Customer_care(Flight_number, Travelers_ID, problem_ID, Airplane_ID, Date_key) VALUES (578761, 14, 46, 28, 20120130)
INSERT dbo.Customer_care(Flight_number, Travelers_ID, problem_ID, Airplane_ID, Date_key) VALUES (518761, 13, 30, 21, 20120146)
INSERT dbo.Customer_care(Flight_number, Travelers_ID, problem_ID, Airplane_ID, Date_key) VALUES (305381, 39, 18, 23, 20120138)
INSERT dbo.Customer_care(Flight_number, Travelers_ID, problem_ID, Airplane_ID, Date_key) VALUES (378349, 12, 19, 42, 20120117)
INSERT dbo.Customer_care(Flight_number, Travelers_ID, problem_ID, Airplane_ID, Date_key) VALUES (71926, 20, 47, 11, 20120146)
INSERT dbo.Customer_care(Flight_number, Travelers_ID, problem_ID, Airplane_ID, Date_key) VALUES (305380, 8, 39, 4, 20120148)
INSERT dbo.Customer_care(Flight_number, Travelers_ID, problem_ID, Airplane_ID, Date_key) VALUES (11924, 4, 3, 37, 20120116)
INSERT dbo.Customer_care(Flight_number, Travelers_ID, problem_ID, Airplane_ID, Date_key) VALUES (305382, 31, 27, 8, 20120103)
INSERT dbo.Customer_care(Flight_number, Travelers_ID, problem_ID, Airplane_ID, Date_key) VALUES (71925, 27, 11, 21, 20120110)
INSERT dbo.Customer_care(Flight_number, Travelers_ID, problem_ID, Airplane_ID, Date_key) VALUES (142948, 29, 10, 42, 20120143)
INSERT dbo.Customer_care(Flight_number, Travelers_ID, problem_ID, Airplane_ID, Date_key) VALUES (378354, 33, 19, 3, 20120147)
INSERT dbo.Customer_care(Flight_number, Travelers_ID, problem_ID, Airplane_ID, Date_key) VALUES (518763, 26, 2, 5, 20120123)
INSERT dbo.Customer_care(Flight_number, Travelers_ID, problem_ID, Airplane_ID, Date_key) VALUES (202950, 38, 34, 24, 20120108)
INSERT dbo.Customer_care(Flight_number, Travelers_ID, problem_ID, Airplane_ID, Date_key) VALUES (438355, 33, 29, 33, 20120132)
INSERT dbo.Customer_care(Flight_number, Travelers_ID, problem_ID, Airplane_ID, Date_key) VALUES (378350, 13, 24, 33, 20120145)
INSERT dbo.Customer_care(Flight_number, Travelers_ID, problem_ID, Airplane_ID, Date_key) VALUES (202949, 28, 14, 4, 20120101)
INSERT dbo.Customer_care(Flight_number, Travelers_ID, problem_ID, Airplane_ID, Date_key) VALUES (202948, 2, 10, 32, 20120136)
INSERT dbo.Customer_care(Flight_number, Travelers_ID, problem_ID, Airplane_ID, Date_key) VALUES (71925, 36, 33, 22, 20120108)
INSERT dbo.Customer_care(Flight_number, Travelers_ID, problem_ID, Airplane_ID, Date_key) VALUES (438350, 47, 12, 23, 20120112)
INSERT dbo.Customer_care(Flight_number, Travelers_ID, problem_ID, Airplane_ID, Date_key) VALUES (438351, 43, 15, 47, 20120124)
INSERT dbo.Customer_care(Flight_number, Travelers_ID, problem_ID, Airplane_ID, Date_key) VALUES (518761, 26, 34, 13, 20120127)
INSERT dbo.Customer_care(Flight_number, Travelers_ID, problem_ID, Airplane_ID, Date_key) VALUES (378350, 41, 32, 41, 20120134)
INSERT dbo.Customer_care(Flight_number, Travelers_ID, problem_ID, Airplane_ID, Date_key) VALUES (71926, 7, 20, 40, 20120115)
INSERT dbo.Customer_care(Flight_number, Travelers_ID, problem_ID, Airplane_ID, Date_key) VALUES (305381, 7, 34, 37, 20120112)
INSERT dbo.Customer_care(Flight_number, Travelers_ID, problem_ID, Airplane_ID, Date_key) VALUES (438354, 12, 36, 47, 20120121)
INSERT dbo.Customer_care(Flight_number, Travelers_ID, problem_ID, Airplane_ID, Date_key) VALUES (11926, 15, 5, 13, 20120102)
INSERT dbo.Customer_care(Flight_number, Travelers_ID, problem_ID, Airplane_ID, Date_key) VALUES (202948, 10, 16, 46, 20120144)
INSERT dbo.Customer_care(Flight_number, Travelers_ID, problem_ID, Airplane_ID, Date_key) VALUES (438350, 33, 8, 19, 20120117)
INSERT dbo.Customer_care(Flight_number, Travelers_ID, problem_ID, Airplane_ID, Date_key) VALUES (518759, 35, 44, 28, 20120109)
INSERT dbo.Customer_care(Flight_number, Travelers_ID, problem_ID, Airplane_ID, Date_key) VALUES (578761, 44, 10, 19, 20120107)
INSERT dbo.Customer_care(Flight_number, Travelers_ID, problem_ID, Airplane_ID, Date_key) VALUES (245382, 6, 22, 19, 20120134)
INSERT dbo.Customer_care(Flight_number, Travelers_ID, problem_ID, Airplane_ID, Date_key) VALUES (578758, 39, 1, 4, 20120144)
INSERT dbo.Customer_care(Flight_number, Travelers_ID, problem_ID, Airplane_ID, Date_key) VALUES (245376, 49, 41, 20, 20120140)
INSERT dbo.Customer_care(Flight_number, Travelers_ID, problem_ID, Airplane_ID, Date_key) VALUES (578761, 48, 13, 43, 20120106)
INSERT dbo.Customer_care(Flight_number, Travelers_ID, problem_ID, Airplane_ID, Date_key) VALUES (438351, 6, 41, 1, 20120134)
INSERT dbo.Customer_care(Flight_number, Travelers_ID, problem_ID, Airplane_ID, Date_key) VALUES (245376, 18, 5, 20, 20120125)
INSERT dbo.Customer_care(Flight_number, Travelers_ID, problem_ID, Airplane_ID, Date_key) VALUES (438353, 27, 30, 17, 20120114)
INSERT dbo.Customer_care(Flight_number, Travelers_ID, problem_ID, Airplane_ID, Date_key) VALUES (202948, 23, 3, 12, 20120109)
INSERT dbo.Customer_care(Flight_number, Travelers_ID, problem_ID, Airplane_ID, Date_key) VALUES (378350, 40, 44, 15, 20120150)
INSERT dbo.Customer_care(Flight_number, Travelers_ID, problem_ID, Airplane_ID, Date_key) VALUES (518762, 15, 4, 4, 20120103)
INSERT dbo.Customer_care(Flight_number, Travelers_ID, problem_ID, Airplane_ID, Date_key) VALUES (71926, 38, 25, 47, 20120135)
INSERT dbo.Customer_care(Flight_number, Travelers_ID, problem_ID, Airplane_ID, Date_key) VALUES (245382, 49, 34, 8, 20120147)
INSERT dbo.Customer_care(Flight_number, Travelers_ID, problem_ID, Airplane_ID, Date_key) VALUES (71925, 41, 36, 48, 20120147)
INSERT dbo.Customer_care(Flight_number, Travelers_ID, problem_ID, Airplane_ID, Date_key) VALUES (305383, 17, 43, 2, 20120108)
INSERT dbo.Customer_care(Flight_number, Travelers_ID, problem_ID, Airplane_ID, Date_key) VALUES (71927, 22, 24, 17, 20120125)
GO

--
-- Inserting data into table dbo.Marketing_Department
--
INSERT dbo.Marketing_Department(Flight_number, promotion_code, Tickets_ID, Travelers_ID, upgraded_ticket, Date_key) VALUES (245380, 0, 33, 44, 0, 20120118)
INSERT dbo.Marketing_Department(Flight_number, promotion_code, Tickets_ID, Travelers_ID, upgraded_ticket, Date_key) VALUES (71926, 1964, 18, 29, 1, 20120132)
INSERT dbo.Marketing_Department(Flight_number, promotion_code, Tickets_ID, Travelers_ID, upgraded_ticket, Date_key) VALUES (11927, 930, 40, 4, 1, 20120137)
INSERT dbo.Marketing_Department(Flight_number, promotion_code, Tickets_ID, Travelers_ID, upgraded_ticket, Date_key) VALUES (71925, 1377, 15, 8, 1, 20120121)
INSERT dbo.Marketing_Department(Flight_number, promotion_code, Tickets_ID, Travelers_ID, upgraded_ticket, Date_key) VALUES (518759, 204, 28, 23, 0, 20120103)
INSERT dbo.Marketing_Department(Flight_number, promotion_code, Tickets_ID, Travelers_ID, upgraded_ticket, Date_key) VALUES (438355, 1966, 6, 10, 1, 20120117)
INSERT dbo.Marketing_Department(Flight_number, promotion_code, Tickets_ID, Travelers_ID, upgraded_ticket, Date_key) VALUES (578759, 1966, 39, 44, 1, 20120143)
INSERT dbo.Marketing_Department(Flight_number, promotion_code, Tickets_ID, Travelers_ID, upgraded_ticket, Date_key) VALUES (578759, 1578, 27, 6, 1, 20120107)
INSERT dbo.Marketing_Department(Flight_number, promotion_code, Tickets_ID, Travelers_ID, upgraded_ticket, Date_key) VALUES (11924, 1966, 49, 42, 1, 20120111)
INSERT dbo.Marketing_Department(Flight_number, promotion_code, Tickets_ID, Travelers_ID, upgraded_ticket, Date_key) VALUES (245381, 202, 37, 16, 0, 20120112)
INSERT dbo.Marketing_Department(Flight_number, promotion_code, Tickets_ID, Travelers_ID, upgraded_ticket, Date_key) VALUES (305379, 438, 20, 27, 1, 20120121)
INSERT dbo.Marketing_Department(Flight_number, promotion_code, Tickets_ID, Travelers_ID, upgraded_ticket, Date_key) VALUES (305379, 637, 3, 6, 0, 20120118)
INSERT dbo.Marketing_Department(Flight_number, promotion_code, Tickets_ID, Travelers_ID, upgraded_ticket, Date_key) VALUES (142947, 201, 7, 38, 0, 20120145)
INSERT dbo.Marketing_Department(Flight_number, promotion_code, Tickets_ID, Travelers_ID, upgraded_ticket, Date_key) VALUES (518759, 1966, 38, 29, 0, 20120109)
INSERT dbo.Marketing_Department(Flight_number, promotion_code, Tickets_ID, Travelers_ID, upgraded_ticket, Date_key) VALUES (202950, 637, 41, 5, 1, 20120139)
INSERT dbo.Marketing_Department(Flight_number, promotion_code, Tickets_ID, Travelers_ID, upgraded_ticket, Date_key) VALUES (245378, 1765, 13, 43, 0, 20120150)
INSERT dbo.Marketing_Department(Flight_number, promotion_code, Tickets_ID, Travelers_ID, upgraded_ticket, Date_key) VALUES (71927, 1375, 15, 40, 0, 20120142)
INSERT dbo.Marketing_Department(Flight_number, promotion_code, Tickets_ID, Travelers_ID, upgraded_ticket, Date_key) VALUES (518759, 927, 24, 4, 1, 20120122)
INSERT dbo.Marketing_Department(Flight_number, promotion_code, Tickets_ID, Travelers_ID, upgraded_ticket, Date_key) VALUES (305379, 1375, 28, 42, 1, 20120141)
INSERT dbo.Marketing_Department(Flight_number, promotion_code, Tickets_ID, Travelers_ID, upgraded_ticket, Date_key) VALUES (378352, 1127, 18, 43, 0, 20120127)
INSERT dbo.Marketing_Department(Flight_number, promotion_code, Tickets_ID, Travelers_ID, upgraded_ticket, Date_key) VALUES (202950, 1966, 6, 5, 1, 20120117)
INSERT dbo.Marketing_Department(Flight_number, promotion_code, Tickets_ID, Travelers_ID, upgraded_ticket, Date_key) VALUES (518760, 5, 16, 14, 0, 20120114)
INSERT dbo.Marketing_Department(Flight_number, promotion_code, Tickets_ID, Travelers_ID, upgraded_ticket, Date_key) VALUES (438354, 203, 31, 1, 1, 20120116)
INSERT dbo.Marketing_Department(Flight_number, promotion_code, Tickets_ID, Travelers_ID, upgraded_ticket, Date_key) VALUES (438350, 1765, 20, 1, 1, 20120114)
INSERT dbo.Marketing_Department(Flight_number, promotion_code, Tickets_ID, Travelers_ID, upgraded_ticket, Date_key) VALUES (71926, 1966, 29, 37, 0, 20120124)
INSERT dbo.Marketing_Department(Flight_number, promotion_code, Tickets_ID, Travelers_ID, upgraded_ticket, Date_key) VALUES (245382, 1131, 47, 33, 1, 20120124)
INSERT dbo.Marketing_Department(Flight_number, promotion_code, Tickets_ID, Travelers_ID, upgraded_ticket, Date_key) VALUES (245382, 1577, 17, 46, 1, 20120111)
INSERT dbo.Marketing_Department(Flight_number, promotion_code, Tickets_ID, Travelers_ID, upgraded_ticket, Date_key) VALUES (245382, 1966, 42, 19, 1, 20120146)
INSERT dbo.Marketing_Department(Flight_number, promotion_code, Tickets_ID, Travelers_ID, upgraded_ticket, Date_key) VALUES (518762, 4, 1, 4, 0, 20120101)
INSERT dbo.Marketing_Department(Flight_number, promotion_code, Tickets_ID, Travelers_ID, upgraded_ticket, Date_key) VALUES (305383, 1577, 37, 23, 0, 20120131)
INSERT dbo.Marketing_Department(Flight_number, promotion_code, Tickets_ID, Travelers_ID, upgraded_ticket, Date_key) VALUES (202950, 1966, 19, 37, 0, 20120133)
INSERT dbo.Marketing_Department(Flight_number, promotion_code, Tickets_ID, Travelers_ID, upgraded_ticket, Date_key) VALUES (71927, 434, 6, 12, 0, 20120112)
INSERT dbo.Marketing_Department(Flight_number, promotion_code, Tickets_ID, Travelers_ID, upgraded_ticket, Date_key) VALUES (305376, 1967, 27, 50, 1, 20120109)
INSERT dbo.Marketing_Department(Flight_number, promotion_code, Tickets_ID, Travelers_ID, upgraded_ticket, Date_key) VALUES (71927, 436, 36, 19, 1, 20120120)
INSERT dbo.Marketing_Department(Flight_number, promotion_code, Tickets_ID, Travelers_ID, upgraded_ticket, Date_key) VALUES (438352, 636, 21, 36, 0, 20120130)
INSERT dbo.Marketing_Department(Flight_number, promotion_code, Tickets_ID, Travelers_ID, upgraded_ticket, Date_key) VALUES (71927, 1129, 46, 35, 1, 20120108)
INSERT dbo.Marketing_Department(Flight_number, promotion_code, Tickets_ID, Travelers_ID, upgraded_ticket, Date_key) VALUES (578761, 1376, 21, 35, 0, 20120116)
INSERT dbo.Marketing_Department(Flight_number, promotion_code, Tickets_ID, Travelers_ID, upgraded_ticket, Date_key) VALUES (305381, 434, 35, 6, 0, 20120124)
INSERT dbo.Marketing_Department(Flight_number, promotion_code, Tickets_ID, Travelers_ID, upgraded_ticket, Date_key) VALUES (305383, 1768, 40, 1, 1, 20120107)
INSERT dbo.Marketing_Department(Flight_number, promotion_code, Tickets_ID, Travelers_ID, upgraded_ticket, Date_key) VALUES (202950, 1132, 1, 16, 0, 20120126)
INSERT dbo.Marketing_Department(Flight_number, promotion_code, Tickets_ID, Travelers_ID, upgraded_ticket, Date_key) VALUES (578761, 1766, 24, 31, 0, 20120118)
INSERT dbo.Marketing_Department(Flight_number, promotion_code, Tickets_ID, Travelers_ID, upgraded_ticket, Date_key) VALUES (245381, 637, 17, 2, 1, 20120138)
INSERT dbo.Marketing_Department(Flight_number, promotion_code, Tickets_ID, Travelers_ID, upgraded_ticket, Date_key) VALUES (142949, 932, 36, 4, 0, 20120133)
INSERT dbo.Marketing_Department(Flight_number, promotion_code, Tickets_ID, Travelers_ID, upgraded_ticket, Date_key) VALUES (202948, 1376, 25, 10, 0, 20120124)
INSERT dbo.Marketing_Department(Flight_number, promotion_code, Tickets_ID, Travelers_ID, upgraded_ticket, Date_key) VALUES (202949, 206, 11, 43, 1, 20120136)
INSERT dbo.Marketing_Department(Flight_number, promotion_code, Tickets_ID, Travelers_ID, upgraded_ticket, Date_key) VALUES (438351, 1127, 35, 5, 1, 20120119)
INSERT dbo.Marketing_Department(Flight_number, promotion_code, Tickets_ID, Travelers_ID, upgraded_ticket, Date_key) VALUES (578759, 3, 44, 47, 1, 20120141)
INSERT dbo.Marketing_Department(Flight_number, promotion_code, Tickets_ID, Travelers_ID, upgraded_ticket, Date_key) VALUES (142947, 3, 50, 49, 0, 20120120)
INSERT dbo.Marketing_Department(Flight_number, promotion_code, Tickets_ID, Travelers_ID, upgraded_ticket, Date_key) VALUES (142949, 1132, 43, 37, 1, 20120118)
INSERT dbo.Marketing_Department(Flight_number, promotion_code, Tickets_ID, Travelers_ID, upgraded_ticket, Date_key) VALUES (438351, 1769, 36, 35, 0, 20120123)
GO

--
-- Inserting data into table dbo.Reservation
--
INSERT dbo.Reservation(Flight_number, Tickets_ID, Travelers_ID, Reservation_Channels_ID, Airplane_ID, Total_profit, Date_key) VALUES (142947, 27, 12, 16, 49, 349573, 20120123)
INSERT dbo.Reservation(Flight_number, Tickets_ID, Travelers_ID, Reservation_Channels_ID, Airplane_ID, Total_profit, Date_key) VALUES (438351, 39, 34, 21, 5, 691, 20120112)
INSERT dbo.Reservation(Flight_number, Tickets_ID, Travelers_ID, Reservation_Channels_ID, Airplane_ID, Total_profit, Date_key) VALUES (305377, 6, 19, 20, 40, 729050, 20120101)
INSERT dbo.Reservation(Flight_number, Tickets_ID, Travelers_ID, Reservation_Channels_ID, Airplane_ID, Total_profit, Date_key) VALUES (518761, 9, 48, 14, 13, 117101, 20120112)
INSERT dbo.Reservation(Flight_number, Tickets_ID, Travelers_ID, Reservation_Channels_ID, Airplane_ID, Total_profit, Date_key) VALUES (142948, 36, 16, 2, 49, 7417, 20120105)
INSERT dbo.Reservation(Flight_number, Tickets_ID, Travelers_ID, Reservation_Channels_ID, Airplane_ID, Total_profit, Date_key) VALUES (378351, 32, 30, 23, 35, 211933, 20120147)
INSERT dbo.Reservation(Flight_number, Tickets_ID, Travelers_ID, Reservation_Channels_ID, Airplane_ID, Total_profit, Date_key) VALUES (245378, 26, 33, 6, 9, 132185, 20120104)
INSERT dbo.Reservation(Flight_number, Tickets_ID, Travelers_ID, Reservation_Channels_ID, Airplane_ID, Total_profit, Date_key) VALUES (71927, 40, 45, 38, 11, 8, 20120123)
INSERT dbo.Reservation(Flight_number, Tickets_ID, Travelers_ID, Reservation_Channels_ID, Airplane_ID, Total_profit, Date_key) VALUES (305380, 25, 12, 7, 28, 943770, 20120111)
INSERT dbo.Reservation(Flight_number, Tickets_ID, Travelers_ID, Reservation_Channels_ID, Airplane_ID, Total_profit, Date_key) VALUES (245377, 5, 47, 20, 22, 113605, 20120107)
INSERT dbo.Reservation(Flight_number, Tickets_ID, Travelers_ID, Reservation_Channels_ID, Airplane_ID, Total_profit, Date_key) VALUES (518760, 18, 12, 1, 24, 759, 20120106)
INSERT dbo.Reservation(Flight_number, Tickets_ID, Travelers_ID, Reservation_Channels_ID, Airplane_ID, Total_profit, Date_key) VALUES (378354, 35, 6, 17, 28, 3898, 20120107)
INSERT dbo.Reservation(Flight_number, Tickets_ID, Travelers_ID, Reservation_Channels_ID, Airplane_ID, Total_profit, Date_key) VALUES (305383, 21, 21, 30, 41, 621011, 20120118)
INSERT dbo.Reservation(Flight_number, Tickets_ID, Travelers_ID, Reservation_Channels_ID, Airplane_ID, Total_profit, Date_key) VALUES (245380, 3, 19, 28, 8, 758432, 20120120)
INSERT dbo.Reservation(Flight_number, Tickets_ID, Travelers_ID, Reservation_Channels_ID, Airplane_ID, Total_profit, Date_key) VALUES (142949, 4, 37, 15, 12, 572, 20120142)
INSERT dbo.Reservation(Flight_number, Tickets_ID, Travelers_ID, Reservation_Channels_ID, Airplane_ID, Total_profit, Date_key) VALUES (142949, 44, 16, 40, 44, 12353, 20120136)
INSERT dbo.Reservation(Flight_number, Tickets_ID, Travelers_ID, Reservation_Channels_ID, Airplane_ID, Total_profit, Date_key) VALUES (142949, 36, 20, 12, 8, 591093, 20120127)
INSERT dbo.Reservation(Flight_number, Tickets_ID, Travelers_ID, Reservation_Channels_ID, Airplane_ID, Total_profit, Date_key) VALUES (378353, 42, 24, 48, 30, 937825, 20120118)
INSERT dbo.Reservation(Flight_number, Tickets_ID, Travelers_ID, Reservation_Channels_ID, Airplane_ID, Total_profit, Date_key) VALUES (11927, 39, 4, 2, 3, 497772, 20120131)
INSERT dbo.Reservation(Flight_number, Tickets_ID, Travelers_ID, Reservation_Channels_ID, Airplane_ID, Total_profit, Date_key) VALUES (378350, 29, 42, 2, 5, 278050, 20120104)
INSERT dbo.Reservation(Flight_number, Tickets_ID, Travelers_ID, Reservation_Channels_ID, Airplane_ID, Total_profit, Date_key) VALUES (11925, 44, 4, 28, 39, 420753, 20120143)
INSERT dbo.Reservation(Flight_number, Tickets_ID, Travelers_ID, Reservation_Channels_ID, Airplane_ID, Total_profit, Date_key) VALUES (245380, 13, 13, 8, 36, 761692, 20120102)
INSERT dbo.Reservation(Flight_number, Tickets_ID, Travelers_ID, Reservation_Channels_ID, Airplane_ID, Total_profit, Date_key) VALUES (245381, 31, 6, 6, 45, 205796, 20120119)
INSERT dbo.Reservation(Flight_number, Tickets_ID, Travelers_ID, Reservation_Channels_ID, Airplane_ID, Total_profit, Date_key) VALUES (245375, 32, 46, 27, 34, 343081, 20120127)
INSERT dbo.Reservation(Flight_number, Tickets_ID, Travelers_ID, Reservation_Channels_ID, Airplane_ID, Total_profit, Date_key) VALUES (245382, 2, 34, 41, 29, 752438, 20120121)
INSERT dbo.Reservation(Flight_number, Tickets_ID, Travelers_ID, Reservation_Channels_ID, Airplane_ID, Total_profit, Date_key) VALUES (11926, 5, 32, 36, 18, 619591, 20120150)
INSERT dbo.Reservation(Flight_number, Tickets_ID, Travelers_ID, Reservation_Channels_ID, Airplane_ID, Total_profit, Date_key) VALUES (578761, 42, 1, 18, 1, 631166, 20120101)
INSERT dbo.Reservation(Flight_number, Tickets_ID, Travelers_ID, Reservation_Channels_ID, Airplane_ID, Total_profit, Date_key) VALUES (578759, 40, 49, 7, 16, 784990, 20120113)
INSERT dbo.Reservation(Flight_number, Tickets_ID, Travelers_ID, Reservation_Channels_ID, Airplane_ID, Total_profit, Date_key) VALUES (305376, 20, 9, 28, 25, 149190, 20120120)
INSERT dbo.Reservation(Flight_number, Tickets_ID, Travelers_ID, Reservation_Channels_ID, Airplane_ID, Total_profit, Date_key) VALUES (518763, 10, 40, 41, 17, 660062, 20120108)
INSERT dbo.Reservation(Flight_number, Tickets_ID, Travelers_ID, Reservation_Channels_ID, Airplane_ID, Total_profit, Date_key) VALUES (305383, 18, 42, 4, 24, 435, 20120150)
INSERT dbo.Reservation(Flight_number, Tickets_ID, Travelers_ID, Reservation_Channels_ID, Airplane_ID, Total_profit, Date_key) VALUES (378351, 27, 7, 21, 17, 943979, 20120121)
INSERT dbo.Reservation(Flight_number, Tickets_ID, Travelers_ID, Reservation_Channels_ID, Airplane_ID, Total_profit, Date_key) VALUES (518762, 4, 1, 6, 39, 775960, 20120112)
INSERT dbo.Reservation(Flight_number, Tickets_ID, Travelers_ID, Reservation_Channels_ID, Airplane_ID, Total_profit, Date_key) VALUES (305378, 18, 11, 31, 6, 893953, 20120119)
INSERT dbo.Reservation(Flight_number, Tickets_ID, Travelers_ID, Reservation_Channels_ID, Airplane_ID, Total_profit, Date_key) VALUES (578758, 47, 13, 10, 40, 394656, 20120123)
INSERT dbo.Reservation(Flight_number, Tickets_ID, Travelers_ID, Reservation_Channels_ID, Airplane_ID, Total_profit, Date_key) VALUES (71926, 36, 41, 14, 25, 496727, 20120110)
INSERT dbo.Reservation(Flight_number, Tickets_ID, Travelers_ID, Reservation_Channels_ID, Airplane_ID, Total_profit, Date_key) VALUES (438352, 31, 33, 16, 47, 6230, 20120119)
INSERT dbo.Reservation(Flight_number, Tickets_ID, Travelers_ID, Reservation_Channels_ID, Airplane_ID, Total_profit, Date_key) VALUES (71925, 10, 41, 7, 23, 465358, 20120146)
INSERT dbo.Reservation(Flight_number, Tickets_ID, Travelers_ID, Reservation_Channels_ID, Airplane_ID, Total_profit, Date_key) VALUES (578760, 2, 20, 9, 8, 407963, 20120137)
INSERT dbo.Reservation(Flight_number, Tickets_ID, Travelers_ID, Reservation_Channels_ID, Airplane_ID, Total_profit, Date_key) VALUES (518762, 43, 27, 30, 8, 372, 20120109)
INSERT dbo.Reservation(Flight_number, Tickets_ID, Travelers_ID, Reservation_Channels_ID, Airplane_ID, Total_profit, Date_key) VALUES (245375, 48, 40, 49, 28, 139700, 20120121)
INSERT dbo.Reservation(Flight_number, Tickets_ID, Travelers_ID, Reservation_Channels_ID, Airplane_ID, Total_profit, Date_key) VALUES (71927, 20, 6, 27, 46, 761965, 20120125)
INSERT dbo.Reservation(Flight_number, Tickets_ID, Travelers_ID, Reservation_Channels_ID, Airplane_ID, Total_profit, Date_key) VALUES (305377, 27, 23, 10, 15, 977179, 20120147)
INSERT dbo.Reservation(Flight_number, Tickets_ID, Travelers_ID, Reservation_Channels_ID, Airplane_ID, Total_profit, Date_key) VALUES (438350, 10, 5, 30, 19, 408837, 20120145)
INSERT dbo.Reservation(Flight_number, Tickets_ID, Travelers_ID, Reservation_Channels_ID, Airplane_ID, Total_profit, Date_key) VALUES (438350, 1, 37, 50, 8, 37, 20120137)
INSERT dbo.Reservation(Flight_number, Tickets_ID, Travelers_ID, Reservation_Channels_ID, Airplane_ID, Total_profit, Date_key) VALUES (438351, 20, 22, 9, 9, 771313, 20120121)
INSERT dbo.Reservation(Flight_number, Tickets_ID, Travelers_ID, Reservation_Channels_ID, Airplane_ID, Total_profit, Date_key) VALUES (305383, 6, 37, 45, 27, 47, 20120124)
INSERT dbo.Reservation(Flight_number, Tickets_ID, Travelers_ID, Reservation_Channels_ID, Airplane_ID, Total_profit, Date_key) VALUES (11924, 30, 16, 47, 8, 54800, 20120128)
INSERT dbo.Reservation(Flight_number, Tickets_ID, Travelers_ID, Reservation_Channels_ID, Airplane_ID, Total_profit, Date_key) VALUES (202949, 12, 35, 45, 7, 6984, 20120138)
INSERT dbo.Reservation(Flight_number, Tickets_ID, Travelers_ID, Reservation_Channels_ID, Airplane_ID, Total_profit, Date_key) VALUES (245378, 2, 36, 9, 17, 838257, 20120125)
GO

--
-- Set NOEXEC to off
--

SET NOEXEC OFF
GO